--7T50tAIrg, 6.000, 16.000, "/m/03kmc9,/m/09x0r"
--sIMPsphRI, 10.000, 20.000, "/m/01j3sz,/m/05tny_,/m/068hy,/m/07rgt08,/m/07s04w4,/m/09x0r,/m/0bt9lr,/m/0jbk"
--zF7ruOot0, 30.000, 40.000, "/m/042v_gx,/m/04rlf,/m/04szw"
-09rxiqNNEs, 30.000, 40.000, "/m/03kmc9,/m/0dgbq"
-0fic1ArIR4, 140.000, 150.000, "/m/01hsr_,/m/09x0r"
-1Hu_O-dosg, 30.000, 40.000, "/m/014zdl,/m/0g6b5"
-1KAjPp2-Vc, 120.000, 130.000, "/m/05tny_,/m/068hy,/m/07qf0zm,/m/07r_k2n,/m/09x0r,/m/0bt9lr,/m/0jbk"
-1dsNJ7EUIo, 30.000, 40.000, "/m/042v_gx,/m/04rlf,/m/04szw,/m/09x0r,/m/0fx80y"
-28ecYlWqdQ, 30.000, 40.000, "/m/042v_gx,/m/04rlf,/m/04szw,/m/0fx80y"
-2CFBsjxxzw, 30.000, 40.000, "/m/014zdl,/m/07yv9,/m/0_1c"
-2vjhtBImFE, 30.000, 40.000, "/m/014zdl,/m/09x0r"
-34Lznw_wUA, 10.000, 20.000, "/m/03kmc9"
-37X0bRVT0g, 140.000, 150.000, "/m/05tny_,/m/068hy,/m/07r_k2n,/m/0bt9lr,/m/0jbk"
-39Vd0B4pXw, 5.000, 15.000, "/m/014zdl,/m/07qsvvw"
-3ZAQR3yFws, 130.000, 140.000, "/m/0395lw,/m/04rlf"
-3c6pnDzbt8, 0.000, 10.000, "/m/01j3sz,/m/09x0r"
-3fhdVP1Ybw, 30.000, 40.000, "/m/01hsr_,/m/09x0r"
-3qh-WFUV2U, 30.000, 40.000, "/m/03kmc9,/m/0dgbq"
-3suaPkPsKo, 0.000, 10.000, "/m/0395lw,/m/0c1dj"
-47j2rfYYyQ, 30.000, 40.000, "/m/042v_gx,/m/04rlf,/m/09x0r"
-49HTaaNAjk, 10.000, 20.000, "/m/05tny_,/m/068hy,/m/09x0r,/m/0bt9lr,/m/0jbk"
-4B1PkgXOMI, 80.000, 90.000, "/m/01hsr_"
-4JG_Ag99hY, 30.000, 40.000, "/m/03kmc9,/m/0dgbq"
-4LOcUpXMzc, 30.000, 40.000, "/m/01hsr_,/m/09x0r"
-4hvX2WDpQ4, 30.000, 40.000, "/m/01j3sz,/m/04rlf,/m/09x0r"
-4xwnohPCZI, 550.000, 560.000, "/m/01j3sz,/m/09x0r"
-4yy61BH-O8, 0.000, 10.000, "/m/01j3sz"
-5iktaMzAaA, 170.000, 180.000, "/m/01j3sz,/m/09x0r"
-5oDwEgkN5U, 30.000, 40.000, "/m/042v_gx,/m/04rlf,/m/09x0r"
-5rnGk2e1ao, 0.000, 10.000, "/m/05tny_,/m/068hy,/m/07rc7d9,/m/0bt9lr,/m/0jbk"
-5xBW8BNKnE, 30.000, 40.000, "/m/042v_gx,/m/04rlf"
-6Gtqkvzc6Q, 30.000, 40.000, "/m/042v_gx,/m/04rlf,/m/04szw,/m/07s0s5r"
-6edE-cOufc, 0.000, 10.000, "/m/01j3sz,/m/02p3nc,/m/09x0r"
-6iVBmb5PZU, 60.000, 70.000, "/m/03kmc9,/m/0dgbq"
-6qp8NjWffE, 70.000, 80.000, "/m/03kmc9,/m/0dgbq"
-7T1vQ2CgdQ, 10.000, 20.000, "/m/05tny_,/m/068hy,/m/07pp_mv,/m/0bt9lr,/m/0jbk"
-7Y8Cmjdvuk, 20.000, 30.000, "/m/05tny_,/m/068hy,/m/07rc7d9,/m/0bt9lr,/m/0jbk"
-7mLE2KI1WM, 70.000, 80.000, "/m/042v_gx,/m/04rlf,/m/04szw,/m/0fx80y"
-84CyEpynsY, 10.000, 20.000, "/m/05tny_,/m/068hy,/m/09x0r,/m/0bt9lr,/m/0jbk"
-8E4IvhlJ3I, 30.000, 40.000, "/m/042v_gx,/m/04rlf,/m/04szw"
-8NsBnMrWNI, 26.000, 36.000, "/m/014zdl,/m/04rlf,/m/07qsvvw,/m/09x0r"
-8bblB1i5p4, 10.000, 20.000, "/m/0395lw"
-8zcX4M9jsc, 30.000, 40.000, "/m/042v_gx,/m/04rlf,/m/04szw"
-9Js3lP4vqs, 30.000, 40.000, "/m/042v_gx,/m/04rlf,/m/04szw"
-9NHoSfQzPQ, 30.000, 40.000, "/m/03kmc9,/m/09x0r"
-9Oa2jvNCeY, 30.000, 40.000, "/m/014zdl,/m/04rlf,/m/09x0r"
-9P1IlNEgsM, 0.000, 8.000, "/m/05tny_,/m/068hy,/m/0bt9lr,/m/0jbk"
-9Tvm67kojg, 30.000, 40.000, "/m/03kmc9"
-9YohOxYZ0Q, 10.000, 20.000, "/m/05tny_,/m/068hy,/m/0bt9lr,/m/0jbk"
-9Zv9-SqTU8, 10.000, 20.000, "/m/01hsr_"
-9_xB_Jgx3k, 5.000, 15.000, "/m/03kmc9"
-9dePyMcKUg, 10.000, 20.000, "/m/01j3sz,/m/09x0r"
-9jpjShrNGs, 20.000, 30.000, "/m/01hsr_,/m/09x0r"
-9vvYUOEKDA, 0.000, 10.000, "/m/01j3sz"
-9xWi6JZmYU, 240.000, 250.000, "/m/0395lw,/m/03w41f"
-A8YCVunrGk, 0.000, 10.000, "/m/0ngt1"
-AR9XvI-wBI, 0.000, 10.000, "/m/01j3sz,/m/09x0r"
-AWooU1PDiM, 70.000, 80.000, "/m/05tny_,/m/068hy,/m/07r_k2n,/m/09x0r,/m/0bt9lr,/m/0ghcn6,/m/0jbk"
-AXUlQNaJb0, 40.000, 50.000, "/m/01j3sz,/m/03qc9zr,/m/07r660_"
-AXjv1cRfpo, 260.000, 270.000, "/m/01j3sz,/m/09x0r"
-Ap3jpVdFWU, 80.000, 90.000, "/m/01j3sz"
-B68bRDzQi8, 230.000, 240.000, "/m/03kmc9,/m/07kc_"
-BPcjlI7-R4, 30.000, 40.000, "/m/0ngt1"
-BdPW1c_3_8, 0.000, 10.000, "/m/01hsr_,/m/09x0r"
-CKH00MxC8Q, 250.000, 260.000, "/m/01j3sz"
-CLJmM1PKY4, 30.000, 40.000, "/m/042v_gx,/m/04rlf,/m/04szw"
-CQ3qyRIGGw, 30.000, 40.000, "/m/03kmc9"
-CT7JPe6V6I, 10.000, 20.000, "/m/042v_gx,/m/04rlf"
-CwXrwgVffM, 30.000, 40.000, "/m/01hsr_,/m/09x0r"
-D8dsr8DfW8, 30.000, 40.000, "/m/01hsr_"
-DPFuEk4AKc, 30.000, 40.000, "/m/014zdl"
-DmjkgWa-rw, 10.000, 20.000, "/m/0395lw"
-Ds6H5UECSA, 30.000, 40.000, "/m/01j3sz,/m/09x0r"
-DzUDgNOPDw, 50.000, 60.000, "/m/01j3sz,/m/07sq110,/m/09x0r,/m/0ytgt"
-ECajBUMQQ0, 30.000, 40.000, "/m/042v_gx,/m/04rlf,/m/04szw,/m/07s0s5r,/m/0fx80y"
-ED3Aq2hs1M, 30.000, 40.000, "/m/042v_gx,/m/04rlf,/m/04szw,/m/07s0s5r,/m/0fx80y"
-EM6qEqk_H0, 10.000, 20.000, "/m/05tny_,/m/068hy,/m/07rc7d9,/m/0bt9lr,/m/0jbk"
-ENQiyOIcrc, 30.000, 40.000, "/m/042v_gx,/m/04rlf,/m/04szw,/m/0fx80y"
-Elrv1A-wmM, 80.000, 90.000, "/m/01j3sz,/m/02cz_7,/m/07s04w4,/m/09x0r"
-EyM48ZMyGw, 30.000, 40.000, "/m/03kmc9"
-FHSBdx5A3g, 40.000, 50.000, "/m/03kmc9,/m/0dgbq"
-FHYoiyXjVo, 30.000, 40.000, "/m/03kmc9"
-FKKcenrc3M, 30.000, 40.000, "/m/01j3sz,/m/09x0r"
-FLztWOwCRI, 30.000, 40.000, "/m/042v_gx,/m/04rlf,/m/04szw"
-FR2ifVpfOI, 0.000, 7.000, "/m/01hsr_,/m/09x0r"
-FW109cbv0g, 30.000, 40.000, "/m/01hsr_,/m/09x0r"
-FYbupIu_5A, 18.000, 28.000, "/m/01hsr_,/m/09x0r"
-FaOEa0sh-U, 40.000, 50.000, "/m/0395lw,/m/04rlf"
-FoClxkytjM, 30.000, 40.000, "/m/01j3sz,/m/09x0r,/m/0y4f8"
-G-3350TIrM, 30.000, 40.000, "/m/042v_gx,/m/04rlf,/m/09x0r"
-G0Z7d-BI6U, 310.000, 320.000, "/m/01j3sz,/m/09x0r"
-GJYrllSv3U, 40.000, 50.000, "/m/0395lw,/m/04rlf"
-GWsAdABhFQ, 6.000, 16.000, "/m/014zdl,/m/09x0r"
-H53wmeBhwE, 20.000, 30.000, "/m/01j3sz,/m/07rgt08,/m/07sq110"
-HQHnhqC7TE, 50.000, 60.000, "/m/01hsr_,/m/09x0r"
-Ha79_qIVfE, 30.000, 40.000, "/m/042v_gx,/m/04rlf,/m/04szw,/m/0fx80y"
-HcJuiGF99M, 30.000, 40.000, "/m/042v_gx,/m/04rlf,/m/04szw"
-Hcvd74WBWk, 30.000, 40.000, "/m/0395lw"
-HdYwS49Gns, 80.000, 90.000, "/m/03kmc9"
-HfqvSo8xpA, 30.000, 40.000, "/m/03kmc9"
-Hi-WpRGUpc, 9.000, 19.000, "/m/03kmc9,/m/04qvtq,/m/09x0r"
-HrJRswYxbA, 0.000, 10.000, "/m/014zdl,/m/09x0r"
-HtRQ4ewyd4, 210.000, 220.000, "/m/014zdl,/m/07yv9,/t/dd00128"
-Hti5s8LP9A, 30.000, 40.000, "/m/042v_gx,/m/04rlf,/m/04szw"
-HyUH30KfyE, 20.000, 30.000, "/m/01j3sz,/m/07sq110"
-I0P9j7JeRs, 17.000, 27.000, "/m/03kmc9"
-I20lsJHMl4, 21.000, 31.000, "/m/03kmc9"
-IgmQO_5wGo, 170.000, 180.000, "/m/01j3sz,/m/09x0r"
-Ir0GZVOTQM, 140.000, 150.000, "/m/01hsr_"
-J-26OD2Qr0, 170.000, 180.000, "/m/01j3sz,/m/07s04w4,/m/09x0r"
-J60og_pQtQ, 0.000, 9.000, "/m/01hsr_"
-J_IY9RHDqQ, 50.000, 60.000, "/m/03kmc9,/m/0dgbq"
-JhSzxTdcwY, 30.000, 40.000, "/m/03kmc9,/m/0dgbq"
-Jm-m_Xufoc, 40.000, 50.000, "/m/01hsr_,/m/09x0r"
-KosQ2rNFoA, 110.000, 120.000, "/m/01j3sz,/m/07s04w4,/m/09x0r"
-Kx6UWwabK0, 30.000, 40.000, "/m/03kmc9,/m/07yv9"
-LV0l2SrJn0, 50.000, 60.000, "/m/042v_gx"
-LWu_lirwKk, 0.000, 10.000, "/m/05tny_,/m/07rc7d9,/m/0bt9lr"
-LcxFpiPde0, 220.000, 230.000, "/m/01j3sz,/m/09x0r"
-LgfDirJ38o, 30.000, 40.000, "/m/042v_gx,/m/04rlf"
-LjSlTMvYkk, 390.000, 400.000, "/m/014zdl,/m/09x0r,/m/0g6b5"
-LrNmB50-nA, 30.000, 40.000, "/m/042v_gx,/m/04rlf,/m/04szw,/m/0fx80y"
-M2-Yr7iaKI, 1.000, 11.000, "/m/014zdl,/m/07yv9,/t/dd00129"
-M9pYoMpqtg, 0.000, 2.000, "/m/01hsr_,/m/09x0r"
-MJ1Vr7l84w, 0.000, 10.000, "/m/05tny_,/m/068hy,/m/0jbk"
-MQ41TAdVZM, 120.000, 130.000, "/m/03kmc9,/m/0dgbq"
-MYgL7-stMw, 190.000, 200.000, "/m/01j3sz"
-Mqa-jaS9SU, 10.000, 20.000, "/m/03kmc9,/m/04qvtq,/m/09x0r"
-Nwe9W_U_Ow, 30.000, 40.000, "/m/042v_gx,/m/04rlf,/m/04szw,/m/07s0s5r,/m/0fx80y"
-OJek7d6ars, 410.000, 420.000, "/m/01j3sz,/m/04rlf,/t/dd00126"
-OKDz3UWCKA, 490.000, 500.000, "/m/042v_gx,/m/04rlf"
-OdhZ2ZgA04, 40.000, 50.000, "/m/01j3sz,/m/04rlf,/m/05zppz,/m/07qfr4h,/m/09x0r"
-On_WUHQ2CM, 30.000, 40.000, "/m/042v_gx,/m/04rlf,/m/04szw,/m/07s0s5r,/m/0fx80y"
-OtNDK_Hxp8, 30.000, 40.000, "/m/03kmc9,/m/0dgbq"
-Oy_wYXdNLM, 20.000, 30.000, "/m/01j3sz"
-PiwDwM8wFo, 30.000, 40.000, "/m/03kmc9"
-Poa-OxOw2Y, 20.000, 30.000, "/m/01j3sz,/m/09x0r"
-QSTEXFuNZs, 0.000, 10.000, "/m/05tny_,/m/068hy,/m/0bt9lr,/m/0jbk"
-Q_nVD3fkIs, 30.000, 40.000, "/m/014zdl"
-QaXx2bjz_o, 30.000, 40.000, "/m/042v_gx,/m/04rlf,/m/0fx80y"
-QgDuU3hUYQ, 70.000, 80.000, "/m/01j3sz,/m/04rlf,/m/09x0r"
-R1kNV61yP0, 30.000, 40.000, "/m/03kmc9"
-R9DAUdTERI, 150.000, 160.000, "/m/01j3sz"
-RKs4NoVRms, 30.000, 40.000, "/m/01hsr_,/m/09x0r"
-RV1P6nX5ao, 290.000, 300.000, "/m/03kmc9"
-RiizECQUnU, 0.000, 10.000, "/m/03kmc9"
-RyS2SBxYWo, 110.000, 120.000, "/m/042v_gx,/m/04rlf"
-S2v0sa8qMQ, 30.000, 40.000, "/m/042v_gx,/m/04rlf,/m/04szw,/m/0fx80y"
-S3_I0RiG3g, 30.000, 40.000, "/m/03kmc9,/m/0dgbq"
-S5YpP84VEY, 30.000, 40.000, "/m/01hsr_,/m/09x0r"
-S9xth9xqPU, 0.000, 4.000, "/m/01j3sz"
-SL5sFIuhtg, 30.000, 40.000, "/m/05tny_,/m/068hy,/m/07r_k2n,/m/0bt9lr,/m/0jbk"
-SOPwBujmkk, 50.000, 60.000, "/m/0ngt1"
-SZ0l6mdchw, 30.000, 40.000, "/m/0395lw"
-SbR-jDktD4, 30.000, 40.000, "/m/042v_gx,/m/04rlf,/m/04szw,/m/07s0s5r,/m/0fx80y"
-TaAE8Lr4PA, 30.000, 40.000, "/m/042v_gx,/m/04rlf,/m/04szw,/m/0fx80y"
-ThUDfEiCUw, 370.000, 380.000, "/m/01j3sz,/m/04rlf,/m/09x0r"
-UAqPBBrYdE, 30.000, 40.000, "/m/03kmc9"
-US0Qih3W9k, 20.000, 30.000, "/m/01hsr_,/m/068hy,/m/0bt9lr,/m/0jbk"
-Uan19lIw0M, 0.000, 7.000, "/m/014zdl,/m/09x0r"
-Upft0vwjoI, 480.000, 490.000, "/m/042v_gx,/m/04rlf,/m/04szw,/m/09x0r,/m/0fx80y"
-UrmDG_szOw, 270.000, 280.000, "/m/01j3sz,/m/09x0r"
-VExWGv9Kh8, 30.000, 40.000, "/m/014zdl,/m/04rlf,/m/07qsvvw,/m/09x0r"
-VG83taAFcY, 200.000, 210.000, "/m/01j3sz,/m/09x0r"
-VcqC_zuYGg, 70.000, 80.000, "/m/01j3sz,/m/07sq110,/m/09x0r,/t/dd00125"
-VxXd4E-Sag, 30.000, 40.000, "/m/042v_gx,/m/04rlf,/m/04szw,/m/07s0s5r,/m/0fx80y"
-W0tpODVUfQ, 30.000, 40.000, "/m/05tny_,/m/068hy,/m/07r_k2n,/m/0bt9lr,/m/0ghcn6,/m/0jbk"
-W5UivtuV_o, 110.000, 120.000, "/m/01j3sz,/m/04rlf,/m/07qfr4h,/m/09x0r"
-WOvmITEq44, 0.000, 3.000, "/m/014zdl"
-WW5fn_aMZ0, 40.000, 50.000, "/m/01j3sz,/m/09x0r"
-WWD9IcNd64, 11.000, 21.000, "/m/014zdl,/m/04rlf,/m/07qsvvw,/m/09x0r"
-We788L7LJk, 160.000, 170.000, "/m/01hsr_,/m/04rlf,/m/09x0r"
-WnieUd6J5E, 0.000, 10.000, "/m/0395lw"
-XL3T2VUZ0k, 30.000, 40.000, "/m/042v_gx,/m/04rlf"
-XM382S09ok, 30.000, 40.000, "/m/03kmc9"
-XZsrkx1QTg, 100.000, 110.000, "/m/05tny_,/m/068hy,/m/07rc7d9,/m/09x0r,/m/0bt9lr,/m/0jbk,/t/dd00129"
-XyPlsoO_eA, 13.000, 23.000, "/m/014zdl"
-YMXgDKKAwU, 30.000, 40.000, "/m/03kmc9,/m/0dgbq"
-YwZOeyAQC8, 10.000, 20.000, "/m/01j3sz"
-ZBKA57bVj8, 20.000, 30.000, "/m/05tny_,/m/068hy,/m/0bt9lr,/m/0jbk"
-ZHsoxeiq_M, 30.000, 40.000, "/m/042v_gx,/m/04rlf,/m/04szw,/m/07s0s5r,/m/0fx80y"
-ZIWZp6BFfs, 0.000, 10.000, "/m/014zdl"
-ZIuWJQLPD0, 50.000, 60.000, "/m/01j3sz"
-ZPHPSlvaus, 40.000, 50.000, "/m/01j3sz"
-ZTXOjEwSD0, 5.000, 15.000, "/m/01hsr_,/m/09x0r"
-_9OvEO2guU, 80.000, 90.000, "/m/0ngt1"
-_LLQQO4zU8, 30.000, 40.000, "/m/014zdl,/m/09x0r"
-_OfVd92yps, 30.000, 40.000, "/m/042v_gx,/m/04rlf,/m/04szw,/m/07s0s5r,/m/0fx80y"
-_cK_mzY5wo, 50.000, 60.000, "/m/03kmc9,/m/0dgbq"
-_hyDjUVtgs, 280.000, 290.000, "/m/01j3sz"
-_mJl31MZtI, 10.000, 20.000, "/m/05tny_,/m/07rc7d9,/m/07yv9,/m/0bt9lr,/m/0k4j"
-_u5wrx8Ffo, 30.000, 40.000, "/m/03kmc9,/m/0dgbq"
-a3Tmvw41KA, 30.000, 40.000, "/m/042v_gx,/m/04rlf,/m/04szw"
-aIoh1B973k, 30.000, 40.000, "/m/042v_gx,/m/04rlf,/m/04szw,/m/07s0s5r,/m/0fx80y"
-aVgyfbIy0o, 350.000, 360.000, "/m/0395lw,/m/04rlf"
-amxaCPPGKI, 30.000, 40.000, "/m/01j3sz,/m/09x0r"
-bVfRhfALDw, 60.000, 70.000, "/m/05tny_,/m/068hy,/m/09x0r,/m/0bt9lr,/m/0jbk"
-bX-ZihsRtQ, 13.000, 23.000, "/m/014zdl"
-bZ6ksaIwQk, 30.000, 40.000, "/m/03kmc9"
-byeuxn5LEI, 0.000, 7.000, "/m/014zdl,/m/07yv9"
-c0E4rpx2RU, 130.000, 140.000, "/m/01j3sz,/m/09x0r"
-cxnOigT3rI, 170.000, 180.000, "/m/03kmc9,/m/0dgbq"
-d515LJsyrM, 30.000, 40.000, "/m/01j3sz"
-dBTGdL4RFs, 30.000, 40.000, "/m/03kmc9,/m/04qvtq"
-dFMdXhCTBE, 30.000, 40.000, "/m/042v_gx,/m/04rlf"
-dSv70aIg_g, 80.000, 90.000, "/m/03kmc9"
-defuBDcq-o, 390.000, 400.000, "/m/01j3sz,/m/09x0r"
-e5CAw-_UzE, 10.000, 20.000, "/m/01j3sz,/m/02zsn,/m/09x0r"
-eXpYZ1Gz9Y, 30.000, 40.000, "/m/03kmc9"
-eZNV7eD9tQ, 0.000, 10.000, "/m/03kmc9"
-ebHrsOX5Kk, 50.000, 60.000, "/m/01j3sz,/m/09x0r"
-f6GIijHlt8, 10.000, 20.000, "/m/01hsr_,/m/05zppz,/m/09x0r"
-fCYj-cFQ5A, 30.000, 40.000, "/m/014zdl,/m/07pxg6y,/m/07qsvvw"
-fKwciZMwKA, 90.000, 100.000, "/m/05tny_,/m/068hy,/m/07rc7d9,/m/09x0r,/m/0bt9lr,/t/dd00125"
-fgpijuYZw8, 40.000, 50.000, "/m/01j3sz"
-ftGz9flNC4, 30.000, 40.000, "/m/014zdl,/m/04rlf"
-fv1_cPYFgY, 30.000, 40.000, "/m/03kmc9,/m/09x0r"
-g-vKZfzunc, 250.000, 260.000, "/m/01j3sz"
-gH51mNUogA, 10.000, 20.000, "/m/03kmc9"
-gZpEgIbCyg, 20.000, 30.000, "/m/01hsr_,/m/01j3sz,/m/09x0r"
-h1WbxpJRqg, 16.000, 26.000, "/m/014zdl,/m/09x0r"
-h3IaTS3GWM, 30.000, 40.000, "/m/01j3sz,/m/09x0r"
-hTV6-uVQvE, 110.000, 120.000, "/m/01j3sz,/m/0c1dj"
-hXw8JMu1mg, 40.000, 50.000, "/m/01j3sz,/m/02_nn"
-hmxj4RXeeE, 10.000, 20.000, "/m/05tny_,/m/068hy,/m/0bt9lr,/m/0jbk"
-hvbMS-_BHE, 10.000, 20.000, "/m/01j3sz,/m/068hy,/m/0bt9lr,/m/0jbk,/t/dd00001"
-i-71_Sz8ic, 3.000, 13.000, "/m/01hsr_,/m/09x0r"
-i8bUT9k9FU, 30.000, 40.000, "/m/01hsr_"
-iCXscO-jso, 20.000, 30.000, "/m/042v_gx,/m/04rlf"
-iNEI8KHYG4, 150.000, 160.000, "/m/0395lw"
-iNvaCbzWeg, 260.000, 270.000, "/m/01hsr_,/m/09x0r"
-iSwmbSS9TA, 30.000, 40.000, "/m/014zdl,/m/07qsvvw"
-iYgY0oEV1M, 30.000, 40.000, "/m/042v_gx,/m/04rlf,/m/04szw,/m/07s0s5r,/m/0fx80y"
-io3E0CbFzs, 50.000, 60.000, "/m/01j3sz,/m/09x0r"
-j6qPmHQ6ns, 0.000, 10.000, "/m/01j3sz,/m/028v0c,/t/dd00125"
-j8EeIX9ynk, 40.000, 50.000, "/m/03kmc9,/m/0dgbq"
-jFHr-IveOw, 30.000, 40.000, "/m/042v_gx,/m/04rlf"
-j_kHwRgw0I, 580.000, 590.000, "/m/01j3sz,/m/09x0r"
-jc0RWAooVI, 0.000, 10.000, "/m/05tny_,/m/0jbk"
-jiRpZ_RumA, 30.000, 40.000, "/m/01j3sz,/m/09x0r"
-jo8rFlkqBY, 360.000, 370.000, "/m/03kmc9,/m/04rlf"
-jsBFwHRuPo, 8.000, 18.000, "/m/014zdl"
-kPFMRo8ri0, 40.000, 50.000, "/m/01j3sz,/m/04rlf,/m/09x0r"
-kY3oBFq31M, 30.000, 40.000, "/m/042v_gx,/m/04rlf,/m/04szw,/m/07s0s5r"
-k_PRJ0no1k, 450.000, 460.000, "/m/03kmc9,/m/04rlf,/m/09x0r,/m/0dgbq"
-kq4SAP3Y-o, 30.000, 40.000, "/m/014zdl,/m/07qsvvw"
-kqYEgeadu8, 0.000, 10.000, "/m/014zdl,/m/09x0r"
-ktP8i7gcso, 100.000, 110.000, "/m/01j3sz,/m/04rlf"
-l303vjbvtY, 20.000, 30.000, "/m/01hsr_"
-lKFUlNs47U, 30.000, 40.000, "/m/03kmc9"
-lW82cVM5Uw, 30.000, 40.000, "/m/042v_gx,/m/04rlf,/m/04szw"
-m8FiTbRnQI, 7.000, 17.000, "/m/014zdl,/m/07qsvvw"
-mSwjIS8V3M, 0.000, 10.000, "/m/05tny_,/m/068hy,/m/09x0r,/m/0bt9lr,/m/0jbk"
-mdPX2djAUY, 10.000, 20.000, "/m/05tny_,/m/068hy,/m/0bt9lr,/m/0jbk"
-mpaeFZz81E, 1.000, 11.000, "/m/014zdl,/m/09x0r"
-n-McN0qco0, 40.000, 50.000, "/m/01j3sz,/m/07rgt08"
-nK-nHIhoiM, 50.000, 60.000, "/m/01j3sz,/m/07sq110,/m/09x0r,/t/dd00001"
-nKy0zN4KVQ, 0.000, 9.000, "/m/014zdl,/m/07qsvvw"
-nS_DTsDJhs, 0.000, 10.000, "/m/03kmc9,/m/0dgbq"
-naYoJS7u2g, 580.000, 590.000, "/m/0395lw,/m/04rlf"
-niT5wKbFOo, 10.000, 20.000, "/m/05tny_,/m/068hy,/m/07r_k2n,/m/0bt9lr,/m/0jbk"
-njbxsKaclk, 0.000, 7.000, "/m/014zdl,/m/02dgv,/m/07qsvvw"
-nkRk_om3Fk, 2.000, 12.000, "/m/03kmc9,/m/09x0r"
-no4r2Y4qRs, 6.000, 16.000, "/m/01hsr_,/m/09x0r"
-o-HAgd_kcM, 20.000, 30.000, "/m/042v_gx,/m/04rlf"
-oCFmaEDyF0, 10.000, 20.000, "/m/0395lw,/m/03w41f,/m/04rlf"
-oDH8OfDJgU, 40.000, 50.000, "/m/01j3sz,/m/04rlf"
-oEEkPHGgec, 30.000, 40.000, "/m/03kmc9,/m/09x0r"
-oG1YUa7Trc, 20.000, 30.000, "/m/042v_gx,/m/04rlf"
-oQBwLnV61U, 0.000, 10.000, "/m/01j3sz,/m/09x0r"
-oTJLwbmSB4, 30.000, 40.000, "/m/042v_gx,/m/04rlf,/m/04szw,/m/07s0s5r,/m/0fx80y"
-o_boHx6cno, 10.000, 20.000, "/m/01j3sz,/m/09x0r"
-opANickjJU, 160.000, 170.000, "/m/01j3sz,/m/09x0r"
-oxh0pC-dIo, 30.000, 40.000, "/m/042v_gx,/m/04rlf,/m/04szw"
-p1YKogD3Vc, 30.000, 40.000, "/m/042v_gx,/m/04rlf,/m/04szw,/m/0fx80y"
-pP8w01ApkQ, 30.000, 40.000, "/m/042v_gx,/m/04rlf,/m/04szw,/m/0fx80y"
-pS1iVTSpmU, 30.000, 40.000, "/m/014zdl,/m/09x0r"
-pd7_XFFy0A, 100.000, 110.000, "/m/05tny_,/m/068hy,/m/0bt9lr,/m/0jbk"
-pip0hQKpJA, 90.000, 100.000, "/m/01hsr_"
-q4z3-tTFfs, 130.000, 140.000, "/m/01j3sz,/m/09x0r"
-qUVEQpbNdY, 30.000, 40.000, "/m/042v_gx,/m/04rlf,/m/04szw,/m/09x0r"
-qVFkK8IIaM, 10.000, 20.000, "/m/01j3sz,/m/07s04w4,/m/09x0r"
-qr_fhecDjw, 30.000, 40.000, "/m/01j3sz,/m/04rlf,/m/09x0r"
-qvb5KM_xYM, 0.000, 10.000, "/m/01hsr_,/m/01yrx,/m/068hy,/m/0jbk"
-r7Yk-N2Z4U, 60.000, 70.000, "/m/03kmc9,/m/0dgbq"
-rIGbmbw9LQ, 26.000, 36.000, "/m/01hsr_"
-rNZiAErhFM, 10.000, 20.000, "/m/03kmc9,/m/0dgbq"
-rVWVPuzapU, 30.000, 40.000, "/m/01j3sz"
-rmnuALwnG0, 30.000, 40.000, "/m/0395lw"
-sVc-yemd2s, 30.000, 40.000, "/m/042v_gx,/m/04rlf,/m/09x0r"
-t478yabOQw, 30.000, 40.000, "/m/03kmc9,/m/0dgbq"
-tJ9sTomm7w, 10.000, 20.000, "/m/01j3sz,/m/09x0r"
-tPtpv32DZw, 10.000, 20.000, "/m/05tny_,/m/068hy,/m/0bt9lr,/m/0jbk,/t/dd00125"
-tVj7U7AnZo, 18.000, 28.000, "/m/014zdl,/m/07pxg6y,/m/09x0r"
-tdkjr9oNUw, 60.000, 70.000, "/m/03kmc9,/m/04rlf,/m/09x0r"
-tzU3IECBmg, 10.000, 20.000, "/m/01j3sz,/m/09x0r"
-u90KJp3FFM, 18.000, 28.000, "/m/014zdl,/m/04rlf,/m/09x0r"
-uIyMR9luvg, 30.000, 40.000, "/m/03kmc9,/m/0dgbq"
-uioTkOlygg, 30.000, 40.000, "/m/042v_gx,/m/04rlf,/m/04szw,/m/0fx80y"
-uj-BZjltCY, 0.000, 10.000, "/m/03kmc9,/m/04qvtq,/m/09x0r"
-ujUHla7FCY, 16.000, 26.000, "/m/03kmc9,/m/04rlf"
-v7IdeJI0-4, 11.000, 21.000, "/m/01hsr_,/m/09x0r"
-vQ-rOrFzzA, 10.000, 20.000, "/m/01j3sz,/m/09x0r"
-vuG8mxLDfs, 160.000, 170.000, "/m/01j3sz"
-w-SXDY-wNI, 500.000, 510.000, "/m/0395lw,/m/03w41f,/m/09x0r"
-w0Nr_tbIwU, 1.000, 11.000, "/m/01hsr_"
-w1s7Hf-IP0, 150.000, 160.000, "/m/01j3sz,/m/02p3nc,/m/09x0r"
-wf7qEE2WKg, 29.000, 39.000, "/m/01hsr_,/m/04rlf"
-wlouNYY_3w, 50.000, 60.000, "/m/01j3sz,/m/09x0r"
-x08oTAv1qI, 190.000, 200.000, "/m/01j3sz"
-xHSqG40NoM, 40.000, 50.000, "/m/01j3sz"
-xZg3XHE8EE, 190.000, 200.000, "/m/01j3sz,/m/09x0r"
-xct-MEGsh8, 30.000, 40.000, "/m/05tny_,/m/068hy,/m/07rc7d9,/m/09x0r,/m/0bt9lr,/m/0jbk"
-xy_iwaQckM, 50.000, 60.000, "/m/05tny_,/m/09x0r,/m/0bt9lr"
-xzOD_mm4F0, 30.000, 40.000, "/m/01hsr_,/m/09x0r,/m/0jbk"
-y0yDvJfGdY, 30.000, 40.000, "/m/05tny_,/m/068hy,/m/09x0r,/m/0bt9lr,/m/0jbk"
-y2j_Uy3148, 3.000, 13.000, "/m/01hsr_"
-ylEqqYI4oA, 30.000, 40.000, "/m/03kmc9"
-yz7GuEIuIo, 1.000, 11.000, "/m/014zdl"
-z3pnj1aMck, 0.000, 10.000, "/m/03kmc9"
-zEUw6CHQ-Q, 30.000, 40.000, "/m/05tny_"
-zGAb18JxmI, 30.000, 40.000, "/m/03kmc9,/m/0dgbq"
-zHuXSEZHZE, 0.000, 10.000, "/m/05tny_,/m/07rc7d9"
0-8Ht8OvuII, 30.000, 40.000, "/m/01hsr_,/m/09x0r"
0-c8jQZf5LY, 0.000, 10.000, "/m/01j3sz,/m/0261r1,/t/dd00125"
0-jc_qX7QE8, 30.000, 40.000, "/m/014zdl,/m/04rlf,/m/07qsvvw"
0-mLww6ooHY, 360.000, 370.000, "/m/01j3sz,/m/09x0r"
004Few78s88, 10.000, 20.000, "/m/042v_gx,/m/04rlf"
00KBg4BInlc, 80.000, 90.000, "/m/0395lw"
00ZeXwkse50, 8.000, 18.000, "/m/014zdl,/m/04rlf,/m/07qsvvw,/m/09x0r"
01C7RT05TfI, 0.000, 6.000, "/m/01hsr_,/m/01yrx,/m/068hy,/m/0jbk"
01TbXvFheiY, 10.000, 20.000, "/m/01j3sz,/m/09x0r"
01fEno3IxBU, 100.000, 110.000, "/m/01j3sz,/m/04rlf,/m/09x0r"
02-ZfMdyM7I, 10.000, 20.000, "/m/0395lw,/m/04rlf,/m/05fw6t,/m/0l14jd"
025wYGIVcgg, 10.000, 20.000, "/m/01j3sz"
0293c8nIIJM, 230.000, 240.000, "/m/0395lw"
02NRjUaryuQ, 70.000, 80.000, "/m/01j3sz,/m/09x0r"
02Sa2hBL_48, 20.000, 30.000, "/m/01hsr_,/m/04rlf"
02hiviH83ys, 170.000, 180.000, "/m/01j3sz,/m/04rlf,/m/09x0r"
02rkLaCL28E, 10.000, 20.000, "/m/01j3sz,/m/09x0r,/m/0ytgt"
031VvYD05hs, 30.000, 40.000, "/m/042v_gx,/m/04rlf,/m/04szw,/m/07s0s5r,/m/0fx80y"
03LzjpuHPT0, 30.000, 40.000, "/m/05tny_"
03e3YcJ4XRE, 3.000, 13.000, "/m/014zdl,/m/09x0r"
03l610T5nfY, 400.000, 410.000, "/m/01hsr_"
04J0cpsLlOA, 160.000, 170.000, "/m/01j3sz"
04_bFVAHEvQ, 50.000, 60.000, "/m/05tny_,/m/068hy,/m/07r_k2n,/m/0bt9lr,/m/0jbk"
04nWUrun140, 0.000, 7.000, "/m/01hsr_,/m/09x0r"
04oJomcqg0I, 30.000, 40.000, "/m/03kmc9,/m/04rlf,/m/09x0r"
052s5vlSKn0, 30.000, 40.000, "/m/042v_gx,/m/04rlf,/m/04szw,/m/07s0s5r,/m/0fx80y"
0552YhBdeXo, 30.000, 40.000, "/m/03kmc9,/m/0dgbq"
05FErJX7xOU, 60.000, 70.000, "/m/01hsr_,/m/09x0r"
05Plf6nWRUc, 470.000, 480.000, "/m/01j3sz"
05s7hgYfGOg, 30.000, 40.000, "/m/03kmc9"
06TM6z3NvuY, 30.000, 40.000, "/m/03kmc9,/m/0dgbq"
06ZsqTqN-no, 7.000, 17.000, "/m/014zdl,/m/07qsvvw"
077_m7wNT3I, 20.000, 30.000, "/m/05tny_,/m/068hy,/m/0bt9lr,/m/0jbk"
07IihPE8oK4, 0.000, 10.000, "/m/01hsr_"
07SjhI8-C9g, 50.000, 60.000, "/m/05tny_,/m/068zj,/m/07rc7d9,/m/0bt9lr,/m/0jbk"
07X9_2JoucM, 28.000, 38.000, "/m/014zdl,/m/09x0r"
07vQkS6bFno, 10.000, 20.000, "/m/01j3sz,/m/09x0r"
08pTDgI15os, 60.000, 70.000, "/m/03kmc9"
08phkjI1dbc, 10.000, 20.000, "/m/03kmc9"
093tkwFNfAI, 30.000, 40.000, "/m/014zdl"
0956vh5AlJg, 10.000, 20.000, "/m/03kmc9,/m/0dgbq"
09Hh32b0IJg, 30.000, 40.000, "/m/042v_gx,/m/04rlf,/m/04szw,/m/0fx80y"
09KQtcTRE8o, 30.000, 40.000, "/m/03kmc9,/m/04qvtq"
09XH9huI1iU, 0.000, 9.000, "/m/03kmc9,/m/09x0r"
09Zf4WCiIso, 30.000, 40.000, "/m/042v_gx,/m/04rlf,/m/04szw,/m/0fx80y"
09tRKuMuyKU, 30.000, 40.000, "/m/03kmc9"
0A5xOkjlwtk, 10.000, 20.000, "/m/01j3sz,/m/04rlf,/m/09x0r"
0AJeisb7_wQ, 30.000, 40.000, "/m/03kmc9,/m/0dgbq"
0BNxIaIO4BQ, 40.000, 50.000, "/m/01hsr_"
0BZOolVEReM, 30.000, 40.000, "/m/03kmc9"
0BaMj-LMg1E, 20.000, 30.000, "/m/05tny_,/m/068hy,/m/07rc7d9,/m/09x0r,/m/0bt9lr,/m/0jbk"
0BwiOU6alvQ, 0.000, 10.000, "/m/05tny_,/m/0bt9lr,/m/0jbk"
0BzKPzhMkM4, 0.000, 10.000, "/m/05tny_,/m/068hy,/m/09x0r,/m/0bt9lr,/m/0jbk"
0C8veLHkEbo, 90.000, 100.000, "/m/01j3sz,/m/07r660_,/m/09x0r"
0CGgu6doSis, 40.000, 50.000, "/m/01j3sz,/m/09x0r,/t/dd00001"
0CUi0oGUzjU, 30.000, 40.000, "/m/03kmc9,/m/0dgbq"
0CYxiRkfVhw, 30.000, 40.000, "/m/05tny_,/m/068hy,/m/0bt9lr,/m/0jbk"
0D3I6ZS2Im0, 0.000, 7.000, "/m/01hsr_,/m/04rlf,/m/09x0r"
0DHCHfu8d7Y, 20.000, 30.000, "/m/0395lw"
0DJWWF-hB3g, 80.000, 90.000, "/m/01j3sz,/m/09x0r"
0DLvfqdiXAw, 30.000, 40.000, "/m/014zdl"
0DecRiAAkEU, 0.000, 2.000, "/m/014zdl,/m/09x0r"
0Dsj7uXhs-8, 440.000, 450.000, "/m/0395lw,/m/03w41f"
0EAhQdtBx8A, 350.000, 360.000, "/m/0395lw"
0Elh4UpQ0Wk, 124.000, 134.000, "/m/0395lw,/m/04rlf"
0FT4bk5gRI4, 30.000, 40.000, "/m/03kmc9"
0FjUUnrqgrM, 0.000, 10.000, "/m/01j3sz,/m/04rlf,/m/09x0r"
0Fngxgd-WiE, 200.000, 210.000, "/m/01j3sz"
0Fv4lkRB-BM, 140.000, 150.000, "/m/03kmc9,/m/04qvtq,/t/dd00128"
0G6OTYrqB2Y, 30.000, 40.000, "/m/01j3sz,/m/07r660_,/m/07sq110,/t/dd00001"
0GWqiMHUm0k, 330.000, 340.000, "/m/01j3sz,/m/09x0r,/t/dd00125"
0Gc0LBXmIJg, 30.000, 40.000, "/m/014zdl,/m/09x0r"
0GqM8a4BDRw, 140.000, 150.000, "/m/01j3sz"
0HVNUeYfpM8, 80.000, 90.000, "/m/01j3sz,/m/07rgt08,/m/09x0r"
0HhUhNhD2C8, 130.000, 140.000, "/m/042v_gx,/m/04rlf,/m/09x0r"
0HvYkBXQ44A, 30.000, 40.000, "/m/03kmc9,/m/0dgbq"
0I0ZyUPG7Wg, 30.000, 40.000, "/m/01j3sz,/m/04rlf"
0IGUZWhc9Go, 10.000, 20.000, "/m/05tny_,/m/068hy,/m/0bt9lr,/m/0jbk"
0ILOWyP797k, 10.000, 20.000, "/m/0395lw,/m/03w41f,/m/04rlf"
0IgzEIf_NIA, 30.000, 40.000, "/m/042v_gx,/m/04rlf,/m/04szw"
0IrFMTDjLq8, 19.000, 29.000, "/m/03kmc9,/m/0dgbq"
0J3n29ch4BI, 10.000, 20.000, "/m/042v_gx,/m/04rlf"
0J84RNxB2h4, 30.000, 40.000, "/m/03kmc9"
0JF9zo_caX4, 180.000, 190.000, "/m/014zdl,/m/04rlf"
0JKpHOdjODs, 80.000, 90.000, "/m/0395lw"
0JNxX-GNuiw, 30.000, 40.000, "/m/042v_gx,/m/04rlf"
0JYZbcIVgmE, 180.000, 190.000, "/m/01j3sz,/m/09x0r"
0K8shcuXLRI, 20.000, 30.000, "/m/01j3sz,/m/04rlf,/m/07p6fty,/m/09x0r"
0KcX9-GlME0, 480.000, 490.000, "/m/01j3sz"
0L3B0h26pPE, 20.000, 30.000, "/m/01hsr_"
0LzOVxgOoO0, 10.000, 20.000, "/m/01j3sz,/m/09x0r"
0M2-Io0zEhk, 30.000, 40.000, "/m/042v_gx,/m/04rlf"
0M61TBV_iM0, 10.000, 20.000, "/m/03kmc9,/m/0dgbq"
0M6qhqkOepY, 10.000, 20.000, "/m/0395lw,/m/04rlf"
0MGBgp5313g, 30.000, 40.000, "/m/042v_gx,/m/04rlf,/m/04szw"
0Mu7Q66ojvY, 140.000, 150.000, "/m/01j3sz,/m/07rgt08,/m/09x0r,/m/0ytgt"
0Nd8NBZVOCw, 70.000, 80.000, "/m/01j3sz,/m/07s04w4,/m/09x0r"
0NhQO645U80, 0.000, 10.000, "/m/01j3sz,/m/09x0r"
0OKELwyAi5E, 60.000, 70.000, "/m/01j3sz,/m/04rlf,/m/09x0r,/t/dd00001"
0OTX-OccBaE, 110.000, 120.000, "/m/0395lw"
0OaGYUsU_iE, 30.000, 40.000, "/m/03kmc9"
0P2DEMKJbpY, 160.000, 170.000, "/m/01j3sz,/m/09x0r,/t/dd00125"
0P8fariLe7M, 80.000, 90.000, "/m/01j3sz,/m/09x0r"
0Po7s7xzlgc, 10.000, 20.000, "/m/03kmc9,/m/09x0r"
0Ppdzx_Ie0o, 0.000, 10.000, "/m/01j3sz,/m/09x0r,/m/0lyf6"
0Q1T9RuTAnE, 40.000, 50.000, "/m/01j3sz,/m/07r660_,/t/dd00001"
0Q6s0Q1aRDU, 30.000, 40.000, "/m/01j3sz,/m/09x0r"
0QUyf6fYJOo, 28.000, 38.000, "/m/014zdl,/m/07qsvvw,/m/09x0r"
0QkmP-TtIFo, 300.000, 310.000, "/m/05tny_,/m/0bt9lr,/m/0jbk"
0QllrnpAf-M, 30.000, 40.000, "/m/0395lw,/m/03w41f,/m/04rlf"
0RXgFs2ZOmU, 30.000, 40.000, "/m/01j3sz,/m/09x0r"
0RbybrcP00g, 130.000, 140.000, "/m/0395lw,/m/03w41f"
0RlXj7apoTY, 50.000, 60.000, "/m/03kmc9"
0SEPDif46gs, 30.000, 40.000, "/m/03kmc9,/m/0dgbq"
0SchXNwH9P0, 80.000, 90.000, "/m/03kmc9,/m/0dgbq"
0SjHwU_cSA8, 30.000, 40.000, "/m/03kmc9"
0TIMlZcjYvk, 380.000, 390.000, "/m/01j3sz"
0TR7wGgzIKw, 10.000, 20.000, "/m/01j3sz,/m/09x0r"
0TUWAtfeyBw, 0.000, 10.000, "/m/0395lw"
0TxZyvH6VUY, 10.000, 20.000, "/m/014zdl,/m/07qsvvw"
0U-dyzYqG48, 23.000, 33.000, "/m/014zdl"
0U6Ys0hJVvE, 50.000, 60.000, "/m/01j3sz,/m/09x0r"
0UBf6Dv1lSY, 10.000, 20.000, "/m/01hsr_"
0UM21_CVsdg, 30.000, 40.000, "/m/042v_gx,/m/04rlf,/m/04szw,/m/07s0s5r"
0URpSy_coNQ, 150.000, 160.000, "/m/01j3sz"
0UZNBHkgHSo, 30.000, 40.000, "/m/014zdl,/m/09x0r"
0UaFXG3mRe0, 30.000, 40.000, "/m/042v_gx,/m/04rlf,/m/04szw,/m/0fx80y"
0UePQZOJw7U, 0.000, 5.000, "/m/014zdl"
0Uv-nkCBkqQ, 30.000, 40.000, "/m/03kmc9"
0VeCqFvVUQg, 40.000, 50.000, "/m/01j3sz,/m/02p3nc,/t/dd00001"
0W1CqVVcV1A, 30.000, 40.000, "/m/03kmc9,/m/0dgbq"
0W25rR-M0zA, 70.000, 80.000, "/m/01j3sz,/m/09x0r"
0WTV6V4Qllo, 0.000, 10.000, "/m/01j3sz,/m/04rlf"
0X0_gJP0gDA, 100.000, 110.000, "/m/01j3sz,/m/09x0r"
0XHv75QJeaM, 30.000, 40.000, "/m/03kmc9"
0XIncbNbIP0, 270.000, 280.000, "/m/01j3sz"
0XTeyBwjJN4, 30.000, 40.000, "/m/042v_gx,/m/04rlf,/m/04szw,/m/0fx80y"
0XWSEg4D9Rs, 30.000, 40.000, "/m/01j3sz,/m/02p3nc,/m/09x0r"
0XjmKaj4F1w, 130.000, 140.000, "/m/042v_gx,/m/04rlf"
0YD7EUnhZQE, 380.000, 390.000, "/m/0395lw,/m/09x0r"
0YIm26DJWmY, 10.000, 20.000, "/m/01j3sz,/m/04rlf"
0YMoPqWzldw, 40.000, 50.000, "/m/03kmc9"
0Yi4T-w2Lpw, 15.000, 25.000, "/m/01hsr_,/m/09x0r"
0Z6RZtumRVs, 16.000, 26.000, "/m/03kmc9,/m/04qvtq"
0ZIv7FicA9g, 30.000, 40.000, "/m/042v_gx,/m/04rlf,/m/04szw,/m/0fx80y"
0ZPTqp1E3J4, 11.000, 21.000, "/m/01hsr_,/m/09x0r"
0ZcWS6ZNqC0, 30.000, 40.000, "/m/042v_gx,/m/04rlf,/m/04szw,/m/07s0s5r,/m/0fx80y"
0Zl7jhQv8zY, 30.000, 40.000, "/m/042v_gx,/m/04rlf,/m/04szw,/m/0fx80y"
0Zy7XmVng_E, 0.000, 8.000, "/m/01hsr_,/m/09x0r"
0_-FtKP3LJg, 80.000, 90.000, "/m/01hsr_"
0_ZF9vT5B-s, 10.000, 20.000, "/m/01hsr_,/m/09x0r"
0_aJlfGS4xM, 30.000, 40.000, "/m/03kmc9,/m/04qvtq"
0_dPlaI3bJo, 21.000, 31.000, "/m/01j3sz,/m/07r660_,/m/07sq110"
0_o3zAgAz-I, 90.000, 100.000, "/m/01j3sz,/m/09x0r,/t/dd00001"
0_xtW42m0go, 0.000, 10.000, "/m/03kmc9,/m/0dgbq"
0aSsMpMfKGo, 30.000, 40.000, "/m/03kmc9,/m/04qvtq"
0agMSdf3pAY, 30.000, 40.000, "/m/014zdl,/m/07qsvvw"
0agw5bKRPX8, 570.000, 580.000, "/m/0395lw,/m/03w41f"
0b_QHH3cnJw, 130.000, 140.000, "/m/01j3sz,/m/09x0r"
0cdk_APCY88, 50.000, 60.000, "/m/0395lw"
0cnLnzrBcmY, 10.000, 20.000, "/m/05tny_,/m/068hy,/m/07qf0zm,/m/0bt9lr,/m/0ghcn6,/m/0jbk"
0cpcywHKnRg, 30.000, 40.000, "/m/03kmc9"
0crRMjiELxc, 0.000, 7.000, "/m/014zdl"
0cx9LNe9eDk, 40.000, 50.000, "/m/01j3sz"
0cxn6dbK3EE, 120.000, 130.000, "/m/0395lw,/m/03w41f"
0d868Pgi0rc, 7.000, 17.000, "/m/014zdl"
0dIKPNqqxhw, 90.000, 100.000, "/m/01j3sz,/t/dd00001"
0dku4e805tY, 130.000, 140.000, "/m/01j3sz"
0eEiSfFOVjw, 120.000, 130.000, "/m/0395lw,/m/03w41f"
0eNfQDAbn_Y, 20.000, 30.000, "/m/05tny_,/m/068hy,/m/0bt9lr,/m/0ghcn6,/m/0jbk"
0eVveicx_lk, 30.000, 40.000, "/m/03kmc9"
0eaVWAwYCyU, 40.000, 50.000, "/m/05tny_,/m/068hy,/m/07rc7d9,/m/09x0r,/m/0bt9lr,/m/0jbk,/t/dd00128"
0eaafXX-pPE, 30.000, 40.000, "/m/01j3sz,/m/09x0r,/t/dd00001"
0ebNXaYLTb0, 27.000, 37.000, "/m/014zdl,/m/07qsvvw,/m/09x0r"
0ei0sC1CBnE, 30.000, 40.000, "/m/03kmc9"
0ek-9ci-3a0, 80.000, 90.000, "/m/014zdl,/m/07qsvvw"
0erMv3RlX3k, 30.000, 40.000, "/m/01j3sz,/m/09x0r"
0f9i0FPXFYs, 30.000, 40.000, "/m/03kmc9,/m/0dgbq"
0fLwLjKGiCc, 30.000, 40.000, "/m/03kmc9"
0fPglK7sPn8, 30.000, 40.000, "/m/03kmc9,/m/07yv9,/m/0k4j"
0fop5rKtrRY, 30.000, 40.000, "/m/01j3sz,/m/09x0r,/t/dd00125"
0fvFpzJRYXE, 110.000, 120.000, "/m/03kmc9,/m/0dgbq"
0g1mVj2XVWk, 0.000, 10.000, "/m/042v_gx,/m/04rlf"
0gPlTfMVr20, 20.000, 30.000, "/m/05tny_,/m/0bt9lr,/t/dd00128"
0geFG8tCbrc, 0.000, 9.000, "/m/05tny_,/m/068hy,/m/07rc7d9,/m/09x0r,/m/0bt9lr,/m/0jbk"
0gkLHfHJSnI, 80.000, 90.000, "/m/05tny_"
0gkY8t5O7_A, 30.000, 40.000, "/m/042v_gx,/m/04rlf,/m/04szw,/m/0fx80y"
0gyX2_R456I, 20.000, 30.000, "/m/014zdl,/m/07pxg6y,/m/07qsvvw"
0h5NeRwdBbE, 60.000, 70.000, "/m/05tny_,/m/09x0r,/m/0bt9lr,/m/0jbk"
0hHCTS_wSMg, 40.000, 50.000, "/m/01hsr_"
0hJvYTuEQ30, 0.000, 7.000, "/m/014zdl"
0hSdl5yyNLI, 300.000, 310.000, "/m/0395lw"
0i3NoXuF1aQ, 30.000, 40.000, "/m/01hsr_"
0iPh4vZHoh8, 30.000, 40.000, "/m/042v_gx,/m/04rlf,/m/04szw,/m/0fx80y"
0ilyR36z-M4, 10.000, 20.000, "/m/03kmc9,/m/09x0r"
0izj5OZGtg8, 30.000, 40.000, "/m/05tny_,/m/068hy,/m/07rc7d9,/m/0bt9lr,/m/0jbk"
0j9D_QXVsU4, 110.000, 120.000, "/m/01j3sz,/m/09x0r"
0j9qI0sYEUE, 110.000, 120.000, "/m/01hsr_"
0jcxtYs2B7Q, 10.000, 20.000, "/m/01j3sz"
0k4M0cXy5JQ, 180.000, 190.000, "/m/0ngt1"
0kTHgSzQkfw, 10.000, 20.000, "/m/05tny_,/m/068hy,/m/0bt9lr,/m/0jbk"
0kdfWe6Gr9I, 5.000, 15.000, "/m/01hsr_,/m/04rlf"
0l19k4WibW8, 50.000, 60.000, "/m/014zdl"
0lBXGXLoGpo, 70.000, 80.000, "/m/01j3sz,/m/02p3nc,/m/04rlf,/m/09x0r"
0lKLzK9c5cM, 13.000, 23.000, "/m/01hsr_,/m/04rlf,/m/09x0r"
0ljiRkYawcM, 30.000, 40.000, "/m/03kmc9,/m/04qvtq"
0lm2gUXKt8Y, 0.000, 10.000, "/m/042v_gx,/m/04rlf"
0m4WOsPQv04, 30.000, 40.000, "/m/03kmc9"
0m5iQ_TSumU, 10.000, 20.000, "/m/0ngt1"
0mSKIWoStjc, 30.000, 40.000, "/m/03kmc9"
0mUUTMe3oOE, 30.000, 40.000, "/m/042v_gx,/m/04rlf"
0mUul9MOKAU, 10.000, 20.000, "/m/01j3sz"
0macH9rhrvw, 30.000, 40.000, "/m/03kmc9"
0mkHrcDzecQ, 90.000, 100.000, "/m/05tny_,/m/068hy,/m/0bt9lr,/m/0ghcn6,/m/0jbk"
0mti65axD8I, 30.000, 40.000, "/m/03kmc9,/m/04qvtq"
0muAKahNzYc, 20.000, 30.000, "/m/01j3sz,/m/09x0r"
0n1MMHO1fVE, 20.000, 30.000, "/m/01j3sz"
0n1etUBX0no, 8.000, 18.000, "/m/014zdl,/m/07qsvvw"
0n277mRByWo, 50.000, 60.000, "/m/01j3sz,/m/02zsn,/m/07rgt08,/m/09x0r"
0n9spvEiFDo, 0.000, 10.000, "/m/03kmc9,/m/07r04,/m/07yv9,/t/dd00128"
0nHaAzz8dDs, 30.000, 40.000, "/m/03kmc9,/m/0dgbq"
0nPtStqMn3Q, 30.000, 40.000, "/m/03kmc9,/m/068hy,/m/07qf0zm,/m/07r_k2n,/m/0jbk"
0nRjUf5Dm8o, 30.000, 40.000, "/m/03kmc9,/m/04qvtq"
0o3Dck1lPUI, 26.000, 36.000, "/m/03kmc9"
0o9p1WlIGkU, 21.000, 31.000, "/m/03kmc9"
0ofoAhSl6AU, 0.000, 3.000, "/m/014zdl"
0ofwqeWmzR4, 10.000, 20.000, "/m/05tny_,/m/068hy,/m/0bt9lr,/m/0jbk"
0owaNULPrf8, 13.000, 23.000, "/m/01hsr_,/m/09x0r"
0p1GeiDB1e4, 170.000, 180.000, "/m/01hsr_,/m/09x0r"
0p7qckbm3zI, 0.000, 10.000, "/m/03kmc9,/m/09x0r"
0pM8_hyW8SU, 130.000, 140.000, "/m/01hsr_"
0pNWVy-yGFg, 2.000, 12.000, "/m/03kmc9"
0papJ80Ntc8, 30.000, 40.000, "/m/0395lw,/m/03w41f,/m/04rlf,/m/09x0r"
0pfBaVcP7bM, 30.000, 40.000, "/m/042v_gx,/m/04rlf"
0phl6nlC-n0, 50.000, 60.000, "/m/03kmc9,/m/0dgbq"
0piEiKDuvd8, 30.000, 40.000, "/m/014zdl"
0pwEo8iWucM, 30.000, 40.000, "/m/042v_gx,/m/04rlf,/m/04szw"
0pxLE0wNx-I, 50.000, 60.000, "/m/05tny_,/m/068hy,/m/09x0r,/m/0bt9lr,/m/0jbk,/t/dd00125"
0q-sjHMg02Y, 30.000, 40.000, "/m/042v_gx,/m/04rlf,/m/07s0s5r,/m/09x0r,/m/0fx80y"
0q318QSI80U, 3.000, 13.000, "/m/01hsr_,/m/09x0r"
0q6o96Jp-jQ, 30.000, 40.000, "/m/014zdl,/m/04rlf,/m/07qsvvw"
0qERZHsSX6I, 20.000, 30.000, "/m/014zdl,/m/09x0r"
0qH8FmqGI2U, 0.000, 10.000, "/m/01j3sz"
0qrGwynQGhg, 30.000, 40.000, "/m/042v_gx,/m/04rlf,/m/04szw,/m/0fx80y"
0r3LybLuSkk, 10.000, 20.000, "/m/01j3sz"
0rCriaksbbg, 40.000, 50.000, "/m/05tny_,/m/068hy,/m/07rc7d9,/m/0bt9lr,/m/0jbk"
0rEyCVRelds, 30.000, 40.000, "/m/03kmc9"
0rZiSfnsQ6g, 10.000, 20.000, "/m/03kmc9"
0rjHjFwsntQ, 30.000, 40.000, "/m/014zdl,/m/09x0r"
0rnm40dILbU, 350.000, 360.000, "/m/01j3sz"
0rrDTv-DKcQ, 30.000, 40.000, "/m/042v_gx,/m/04rlf,/m/04szw,/m/07s0s5r,/m/0fx80y"
0ry6MOZmmf4, 30.000, 40.000, "/m/01hsr_"
0sb5UXdX2Og, 0.000, 5.000, "/m/014zdl"
0tEX2Pdlg6k, 30.000, 40.000, "/m/042v_gx,/m/04rlf,/m/04szw"
0tJRyAzkre0, 30.000, 40.000, "/m/042v_gx,/m/04rlf,/m/07s0s5r"
0tQOcpVRVq4, 30.000, 40.000, "/m/01hsr_,/m/09x0r"
0taZldxMK1Q, 60.000, 70.000, "/m/01j3sz,/m/09x0r,/t/dd00001"
0tdPAVBzzOE, 120.000, 130.000, "/m/01hsr_,/m/09x0r"
0tw6_GhaYYY, 30.000, 40.000, "/m/03kmc9"
0u-cXaOSQzc, 30.000, 40.000, "/m/03kmc9"
0uBiFUkj5xs, 5.000, 15.000, "/m/03kmc9,/m/09x0r,/m/0dgbq"
0uEZjp0UE0E, 180.000, 190.000, "/m/01hsr_"
0uc56X2pmRM, 60.000, 70.000, "/m/01hsr_"
0uhRGK6lLZE, 90.000, 100.000, "/m/0395lw"
0ulZUDkzC-4, 40.000, 50.000, "/m/01j3sz"
0uyMSNwmmck, 30.000, 40.000, "/m/01j3sz"
0vGLz3G1lUk, 10.000, 20.000, "/m/01j3sz"
0vV5QEYc8o0, 10.000, 20.000, "/m/014zdl,/m/02z32qm,/m/07qsvvw"
0vYMcK228YM, 0.000, 10.000, "/m/042v_gx"
0veDhPQRouw, 70.000, 80.000, "/m/01j3sz,/m/09x0r"
0vyu-7saZkY, 90.000, 100.000, "/m/01j3sz,/m/09x0r"
0w-Q_FXugTQ, 110.000, 120.000, "/m/0395lw"
0w6LsP3UBeM, 30.000, 40.000, "/m/014zdl,/m/09x0r"
0wcjXCiP4ho, 30.000, 40.000, "/m/03kmc9,/m/0dgbq"
0wg1dgFt5Mg, 100.000, 110.000, "/m/03kmc9"
0xM9FnAiF5g, 30.000, 40.000, "/m/03kmc9,/m/0dgbq"
0xtXIxoHDgk, 150.000, 160.000, "/m/01hsr_,/m/09x0r,/m/0lyf6"
0y6QPi9bDiY, 40.000, 50.000, "/m/03kmc9"
0yTzRsJjFLE, 30.000, 40.000, "/m/042v_gx,/m/04rlf,/m/04szw,/m/07s0s5r,/m/0fx80y"
0yZGysisqY0, 12.000, 22.000, "/m/014zdl,/m/04rlf"
0zJ9l-FTtYQ, 390.000, 400.000, "/m/01j3sz"
0zLScZi1KE4, 0.000, 9.000, "/m/014zdl,/m/09x0r"
0zmRQV84cOY, 30.000, 40.000, "/m/042v_gx,/m/04rlf"
0zyWqCWRLmg, 0.000, 9.000, "/m/014zdl,/m/09x0r"
1-4zoXXfV6k, 180.000, 190.000, "/m/03kmc9,/m/0dgbq"
1-hY6s1IMn4, 3.000, 13.000, "/m/03kmc9,/m/04qvtq"
1-kCCA9xxT0, 10.000, 20.000, "/m/05tny_,/m/07rc7d9,/m/0bt9lr"
10NsZUzZIP8, 30.000, 40.000, "/m/03kmc9"
10PRF-GMg6c, 14.000, 24.000, "/m/03kmc9"
10Wz3WLOowg, 80.000, 90.000, "/m/01hsr_,/m/09x0r"
10wA970vOoA, 30.000, 40.000, "/m/01j3sz,/m/04rlf,/t/dd00001"
113GIf5uQko, 30.000, 40.000, "/m/03kmc9"
11B6449VNms, 50.000, 60.000, "/m/03kmc9"
11QHoXQ-uJw, 10.000, 20.000, "/m/0395lw"
11WRswf0hn0, 30.000, 40.000, "/m/042v_gx,/m/04rlf,/m/04szw"
11WmQflNK-c, 30.000, 40.000, "/m/03kmc9,/m/04qvtq"
11xUEc-AqEI, 90.000, 100.000, "/m/01j3sz,/m/09x0r,/t/dd00001"
125DcCtxOog, 30.000, 40.000, "/m/014zdl,/m/04rlf"
12K4PFm6afY, 0.000, 10.000, "/m/03kmc9,/m/04qvtq,/m/07yv9,/m/0btp2,/m/0k4j"
12OUn0VorwM, 70.000, 80.000, "/m/01j3sz,/m/09x0r"
12Qn0lSRTfc, 13.000, 23.000, "/m/014zdl"
12niFjIVJh4, 22.000, 32.000, "/m/03kmc9,/m/0dgbq"
137XYyZOXs8, 30.000, 40.000, "/m/042v_gx,/m/04rlf,/m/04szw"
13BUA5Pwe4U, 22.000, 32.000, "/m/03kmc9"
13gko4-3PzY, 0.000, 10.000, "/m/014zdl,/m/09x0r"
13wxhrugxd8, 27.000, 37.000, "/m/014zdl,/m/07pxg6y"
14QEjhbLsDI, 270.000, 280.000, "/m/01j3sz"
14XSF2FAJSY, 30.000, 40.000, "/m/01hsr_,/m/09x0r"
14Y72r4KHos, 70.000, 80.000, "/m/01j3sz,/m/0261r1,/m/02p3nc"
14jv6jC5WAI, 30.000, 40.000, "/m/03kmc9"
14qxiF4eouo, 270.000, 280.000, "/m/01j3sz"
14vxk0VMjgk, 60.000, 70.000, "/m/03kmc9,/m/0dgbq"
155yHgQD87Q, 20.000, 30.000, "/m/01j3sz,/m/09x0r"
15DzBFnEYak, 30.000, 40.000, "/m/042v_gx,/m/04rlf"
15KYBbP_Smc, 170.000, 180.000, "/m/01j3sz,/m/07sq110"
15V6gSGOFvI, 60.000, 70.000, "/m/05tny_,/m/068hy,/m/0bt9lr,/m/0jbk,/t/dd00136"
15_pVAnDzPU, 170.000, 180.000, "/m/0395lw,/m/04rlf"
15dDgiUC6CM, 19.000, 29.000, "/m/03kmc9,/m/0dgbq"
15q4pZLAEtg, 100.000, 110.000, "/m/01hsr_"
16bJ0gebwoA, 30.000, 40.000, "/m/014zdl,/m/09x0r"
16r5GrlkEDk, 90.000, 100.000, "/m/01hsr_"
17AJVy2c0ZA, 0.000, 10.000, "/m/03kmc9,/m/0dgbq"
17Caqkg9CFc, 30.000, 40.000, "/m/03kmc9,/m/0dgbq"
17LTTdyz0qs, 30.000, 40.000, "/m/01j3sz,/m/09x0r"
17OqptEZ-w8, 30.000, 40.000, "/m/01j3sz,/m/04rlf"
17QDr_By3j8, 20.000, 30.000, "/m/01j3sz,/m/09x0r"
17ZX9w1R4do, 0.000, 10.000, "/m/03kmc9,/m/0dgbq"
17rlRrOi-oQ, 160.000, 170.000, "/m/042v_gx,/m/04rlf,/m/09x0r"
183DY7N10HE, 20.000, 30.000, "/m/01j3sz,/m/02p3nc,/m/04rlf"
18J_W4PBomE, 10.000, 20.000, "/m/042v_gx,/m/04rlf"
18QHT23t7kg, 170.000, 180.000, "/m/042v_gx,/m/04rlf,/m/0fx80y"
18ndo219WMw, 10.000, 20.000, "/m/05tny_,/m/068hy,/m/07rc7d9,/m/09x0r,/m/0bt9lr,/m/0jbk"
18x-buOwgDg, 20.000, 30.000, "/m/01j3sz,/m/09x0r"
198x-X_aaIo, 70.000, 80.000, "/m/05tny_,/m/068hy,/m/07rc7d9,/m/0bt9lr,/t/dd00125"
1AE3iHcUKKQ, 30.000, 40.000, "/m/042v_gx,/m/04rlf,/m/04szw,/m/07s0s5r,/m/0fx80y"
1AUgCj-xjt8, 80.000, 90.000, "/m/01hsr_"
1AgRzyURHyM, 40.000, 50.000, "/m/01j3sz"
1B_PWOvIs80, 30.000, 40.000, "/m/0395lw"
1Bh4Yp5SUGw, 30.000, 40.000, "/m/03kmc9"
1C8MLki8pR4, 170.000, 180.000, "/m/01j3sz"
1CFm70MB27Q, 30.000, 40.000, "/m/014zdl,/m/09x0r"
1CXtcj-UkFM, 30.000, 40.000, "/m/01hsr_"
1CjY7QMOkts, 30.000, 40.000, "/m/05tny_,/m/068hy,/m/07r_k2n,/m/09x0r,/m/0bt9lr,/m/0jbk,/t/dd00125"
1CmB3kk32mg, 230.000, 240.000, "/m/01j3sz,/m/09x0r"
1D-ACeudTQI, 130.000, 140.000, "/m/042v_gx,/m/04rlf"
1DhAEZuFl1w, 20.000, 30.000, "/m/05tny_,/m/068hy,/m/0bt9lr,/m/0jbk"
1DkeXO0I3Dc, 30.000, 40.000, "/m/03kmc9,/m/07yv9"
1DoJ5WKgaOA, 11.000, 21.000, "/m/014zdl"
1DuEtnA-yWo, 90.000, 100.000, "/m/01j3sz,/m/09x0r"
1Dw_p4GDIFo, 210.000, 220.000, "/m/03kmc9,/m/0dgbq"
1E1YSMLPU0E, 0.000, 9.000, "/m/014zdl"
1EAVgL6eETU, 220.000, 230.000, "/m/0395lw"
1EBfNg_uCCE, 140.000, 150.000, "/m/0395lw,/m/09x0r"
1ECKiOldWGE, 190.000, 200.000, "/m/014zdl,/m/04rlf,/m/06j6l,/m/0glt670"
1ETeBLkMRwA, 50.000, 60.000, "/m/05tny_,/m/068hy,/m/0bt9lr,/m/0jbk"
1EW8TGtlCPo, 10.000, 20.000, "/m/014zdl,/m/09x0r"
1Eb_BTzbRKI, 10.000, 20.000, "/m/01j3sz,/m/09x0r,/t/dd00001,/t/dd00125"
1EewlcyiBC8, 180.000, 190.000, "/m/01j3sz,/m/04rlf,/m/07rgt08,/m/09x0r"
1EzAy2XIZws, 30.000, 40.000, "/m/03kmc9,/m/0dgbq"
1F_PwO57Eb0, 230.000, 240.000, "/m/0395lw,/m/04rlf"
1FaUpV3Gfds, 10.000, 20.000, "/m/03kmc9"
1Fm3Cbp31NI, 30.000, 40.000, "/m/042v_gx,/m/04rlf,/m/04szw,/m/07s0s5r,/m/0fx80y"
1FvW-qM2dbU, 230.000, 240.000, "/m/03kmc9,/m/04rlf,/m/07pp_mv"
1G7PwDqLuV4, 230.000, 240.000, "/m/042v_gx,/m/04rlf"
1GOmgGwbJsY, 50.000, 60.000, "/m/01j3sz,/m/09x0r"
1GbIJdBoorg, 20.000, 30.000, "/m/0ngt1"
1Gx4UdJcky8, 50.000, 60.000, "/m/01j3sz,/m/09x0r"
1GzJjPyyygg, 30.000, 40.000, "/m/03kmc9"
1GzXNCz67xo, 10.000, 20.000, "/m/05tny_,/m/068hy,/m/0bt9lr,/m/0ghcn6,/m/0jbk"
1H2XD5lUp8w, 30.000, 40.000, "/m/05tny_,/m/09x0r"
1HAUyxiMxaU, 30.000, 40.000, "/m/03kmc9,/m/0dgbq"
1HUSdyXpY5A, 30.000, 40.000, "/m/01j3sz,/m/07s04w4"
1HlQfYHwGus, 60.000, 70.000, "/m/01j3sz,/m/09x0r"
1I-T8AzkZyQ, 90.000, 100.000, "/m/03kmc9,/m/0dgbq"
1IBR-VJCd2E, 25.000, 35.000, "/m/042v_gx,/m/04rlf,/m/09x0r"
1IWY5EJAmfc, 30.000, 40.000, "/m/0395lw,/m/04rlf"
1IcWpAU6aL4, 80.000, 90.000, "/m/0ngt1"
1Iu1Ts5xPFE, 30.000, 40.000, "/m/03kmc9"
1IvTTxQodIM, 30.000, 40.000, "/m/03kmc9"
1J1pBv14E_Q, 30.000, 40.000, "/m/03kmc9"
1JNk0ebe0fA, 2.000, 12.000, "/m/014zdl,/m/04rlf,/m/07qsvvw"
1JNnHYA47Rk, 140.000, 150.000, "/m/03kmc9,/m/09x0r"
1JSZKDO1BTs, 140.000, 150.000, "/m/03kmc9,/m/0dgbq"
1K01dSq_RSo, 80.000, 90.000, "/m/01j3sz,/m/09x0r"
1KIkLRUPJTw, 10.000, 20.000, "/m/01j3sz,/m/04rlf,/m/09x0r"
1KZ0cJhqmW4, 60.000, 70.000, "/m/05tny_,/m/068hy,/m/0bt9lr,/m/0jbk"
1Kk8fBzHs8A, 22.000, 32.000, "/m/01j3sz,/m/09x0r"
1Kq5gC2z3Ec, 28.000, 38.000, "/m/03kmc9,/m/09x0r"
1L5OSIHGRXA, 30.000, 40.000, "/m/014zdl,/m/07qsvvw,/m/09x0r"
1LYnGafjSfs, 30.000, 40.000, "/m/014zdl,/m/04rlf,/m/07qsvvw"
1L_OyngNZMA, 30.000, 40.000, "/m/01j3sz,/m/07p6fty,/m/09x0r"
1Lm-UTH4Qbk, 10.000, 20.000, "/m/01j3sz,/m/09x0r,/t/dd00013"
1LoOoQtsLw0, 10.000, 20.000, "/m/01j3sz"
1MPfJn_prxU, 30.000, 40.000, "/m/03kmc9,/m/0dgbq"
1MX3-Z1h7qg, 7.000, 17.000, "/m/03kmc9,/m/09x0r"
1MYPt58xkLA, 10.000, 20.000, "/m/05tny_,/m/0bt9lr,/m/0ghcn6,/m/0jbk"
1MlCFr4LJB8, 240.000, 250.000, "/m/0395lw"
1MmgZv6Ez6g, 10.000, 20.000, "/m/03kmc9"
1MzBX_MFfe4, 40.000, 50.000, "/m/042v_gx,/m/04rlf"
1NT7cLWGuzc, 10.000, 20.000, "/m/0395lw,/m/09x0r"
1NVfl7AnSRg, 30.000, 40.000, "/m/03kmc9,/m/04qvtq,/m/07r04,/m/07yv9,/m/09x0r"
1O176tN8dWw, 30.000, 40.000, "/m/03kmc9"
1O8Wb8Ro1t0, 7.000, 17.000, "/m/014zdl"
1OCyUeuv2-Q, 40.000, 50.000, "/m/01hsr_,/m/09x0r"
1OiiHOphoEo, 10.000, 20.000, "/m/01j3sz,/m/09x0r,/t/dd00125"
1P2Diy8eV-w, 30.000, 40.000, "/m/01j3sz,/m/09x0r"
1PBelsQG2Rw, 20.000, 30.000, "/m/05tny_,/m/068hy,/m/0bt9lr,/m/0jbk"
1PRvgkGBVjY, 90.000, 100.000, "/m/01j3sz,/m/09x0r"
1PfKQ5cn4hE, 130.000, 140.000, "/m/0395lw,/m/04rlf"
1PpXYiut248, 30.000, 40.000, "/m/014zdl,/m/04rlf,/m/09x0r"
1PxZxNrlKTc, 10.000, 20.000, "/m/0395lw,/m/04rlf,/m/04szw,/m/09x0r,/m/0l14md"
1Q61oRUkfC0, 10.000, 20.000, "/m/03kmc9,/m/07yv9,/m/09x0r,/m/0k4j,/t/dd00129"
1QM8wRk_Qzk, 0.000, 10.000, "/m/01j3sz,/m/04rlf,/m/09x0r"
1QcaKCV_1XY, 10.000, 20.000, "/m/01j3sz,/m/09x0r,/m/0ytgt"
1R4l4vO_Gb8, 170.000, 180.000, "/m/01j3sz,/m/09x0r"
1R70K4c80RA, 90.000, 100.000, "/m/03kmc9"
1RA2xG64bZc, 40.000, 50.000, "/m/01j3sz"
1RFjPPzvAJc, 20.000, 30.000, "/m/0395lw"
1S2BISM1lrw, 0.000, 4.000, "/m/014zdl,/m/07qsvvw"
1S9te1lE_98, 50.000, 60.000, "/m/01j3sz,/m/07rgt08,/m/09x0r"
1SB47tLQS4w, 30.000, 40.000, "/m/042v_gx,/m/04rlf"
1SGSVCCovqs, 30.000, 40.000, "/m/03kmc9"
1S_mMGxQvN4, 30.000, 40.000, "/m/042v_gx,/m/04rlf,/m/04szw"
1SoF7fWA078, 0.000, 10.000, "/m/01j3sz"
1T-VL27xEKc, 0.000, 10.000, "/m/014zdl,/m/07qsvvw,/m/09x0r"
1T7dlWkTZUY, 20.000, 30.000, "/m/01j3sz,/m/09x0r"
1TbSN_-W8Lg, 160.000, 170.000, "/m/01j3sz,/m/09x0r,/t/dd00125"
1TpIsIYSacU, 0.000, 10.000, "/m/042v_gx"
1Ts2sTxitaA, 520.000, 530.000, "/m/01j3sz,/m/09x0r"
1U-HYdhwvlU, 20.000, 30.000, "/m/01j3sz,/m/04rlf,/m/09x0r"
1U1tHbBUhV4, 0.000, 10.000, "/m/01j3sz,/m/04rlf,/m/09x0r"
1U7NeZw1zT0, 0.000, 10.000, "/m/01j3sz,/m/02_nn,/m/09x0r"
1UBW2vZ75zI, 40.000, 50.000, "/m/01hsr_,/m/09x0r,/t/dd00125"
1UFHLc2uLGs, 30.000, 40.000, "/m/042v_gx,/m/04rlf,/m/04szw,/m/0fx80y"
1UH-TFIqOl4, 30.000, 40.000, "/m/05tny_,/m/068hy,/m/09x0r,/m/0bt9lr,/m/0jbk"
1UIjY1Hj9u8, 30.000, 40.000, "/m/03kmc9,/m/0dgbq"
1UPYtgEtpQ0, 70.000, 80.000, "/m/01j3sz,/m/09x0r,/t/dd00126"
1UaP-qZFIgg, 30.000, 40.000, "/m/01j3sz"
1UyoW1YAY28, 40.000, 50.000, "/m/05tny_,/m/068hy,/m/0bt9lr,/m/0jbk"
1V1gL3SbuLI, 400.000, 410.000, "/m/01hsr_,/m/09x0r"
1V_wmHuk6x0, 30.000, 40.000, "/m/014zdl,/m/07qsvvw"
1Vil1OBnJHE, 10.000, 20.000, "/m/01j3sz,/m/09x0r"
1VudZZ5XY6Q, 20.000, 30.000, "/m/0395lw"
1W-yspM_mns, 30.000, 40.000, "/m/03kmc9,/m/04qvtq,/m/09x0r"
1WVuvMIKi7o, 50.000, 60.000, "/m/05tny_,/m/0jbk,/t/dd00136"
1WWPdIr91b8, 0.000, 10.000, "/m/05tny_,/m/068hy,/m/0bt9lr,/m/0jbk"
1WYyMk01bu8, 110.000, 120.000, "/m/03kmc9,/m/0dgbq"
1WZv0QnsEsw, 10.000, 20.000, "/m/01hsr_"
1Wr2CIGmbYY, 30.000, 40.000, "/m/042v_gx,/m/04rlf"
1XP6t4NAMls, 70.000, 80.000, "/m/0395lw,/m/03w41f"
1XYyNd79FVs, 30.000, 40.000, "/m/042v_gx,/m/04rlf,/m/04szw,/m/0fx80y"
1XxfHhxZbFs, 12.000, 22.000, "/m/03kmc9"
1YWb3vD58L4, 30.000, 40.000, "/m/042v_gx,/m/04rlf"
1YXausg4gLc, 320.000, 330.000, "/m/042v_gx,/m/04rlf"
1YlcQqP9CqQ, 30.000, 40.000, "/m/014zdl,/t/dd00129"
1Zs3VI5BW7I, 16.000, 26.000, "/m/014zdl,/m/09x0r"
1_0009WWBvk, 270.000, 280.000, "/m/042v_gx,/m/09x0r"
1_1UvZM6TrA, 0.000, 10.000, "/m/05tny_,/m/068hy,/m/0bt9lr,/m/0jbk"
1_b-7_Xty7o, 40.000, 50.000, "/m/0395lw,/m/03w41f"
1afqqNILjDo, 24.000, 34.000, "/m/03kmc9,/m/09x0r"
1akH7Wrm4RI, 25.000, 35.000, "/m/042v_gx,/m/04rlf,/m/04szw,/m/07s0s5r,/m/09x0r,/m/0fx80y"
1bDqb7_6plg, 21.000, 31.000, "/m/03kmc9"
1c3x_SG3HK8, 30.000, 40.000, "/m/014zdl,/m/09x0r"
1c7b3dJ-EoE, 50.000, 60.000, "/m/042v_gx"
1cS1-kXfiT4, 30.000, 40.000, "/m/042v_gx,/m/04rlf,/m/04szw,/m/07s0s5r,/m/0fx80y"
1d-URGM7s8A, 70.000, 80.000, "/m/042v_gx,/m/04rlf,/m/09x0r"
1d6tgoVLyHc, 11.000, 21.000, "/m/03kmc9"
1d7RTWiSszo, 30.000, 40.000, "/m/03kmc9,/m/0dgbq"
1dU6O8zTcSk, 30.000, 40.000, "/m/014zdl,/m/07qsvvw,/m/09x0r"
1dYd8G4hkwc, 20.000, 30.000, "/m/01hsr_,/m/09x0r"
1e8rpcfGe4Y, 10.000, 20.000, "/m/0395lw"
1eBrdIZbNJg, 30.000, 40.000, "/m/01hsr_"
1eK8Jwa6LtI, 0.000, 10.000, "/m/042v_gx,/m/04rlf"
1eS9KNAcn9U, 0.000, 7.000, "/m/014zdl"
1f-aL7RDuvA, 30.000, 40.000, "/m/042v_gx,/m/04rlf,/m/04szw,/m/07s0s5r,/m/0fx80y"
1fJXZYQz3M8, 0.000, 9.000, "/m/014zdl"
1fWRSwn0Ig0, 30.000, 40.000, "/m/042v_gx,/m/04rlf,/m/04szw"
1gCeB2Mf-Ug, 30.000, 40.000, "/m/042v_gx,/m/04rlf,/m/04szw,/m/07s0s5r,/m/0fx80y"
1gFacesLTug, 30.000, 40.000, "/m/03kmc9,/m/0dgbq"
1gJrs-4XIwE, 10.000, 20.000, "/m/05tny_,/m/068hy,/m/09x0r,/m/0bt9lr,/m/0jbk"
1gRHHFHarUQ, 0.000, 10.000, "/m/014zdl,/m/04rlf"
1gvzSq1LqzU, 25.000, 35.000, "/m/05tny_,/m/09x0r"
1gzaGqxVPxU, 30.000, 40.000, "/m/05tny_,/m/09x0r"
1h85rDsWulQ, 30.000, 40.000, "/m/03kmc9,/m/04qvtq"
1hFcabPMK3w, 30.000, 40.000, "/m/03kmc9"
1i2WMB_f6QY, 160.000, 170.000, "/m/01hsr_,/m/0lyf6"
1iCRrHMgBzk, 0.000, 10.000, "/m/05tny_,/m/068hy,/m/0bt9lr,/m/0jbk,/t/dd00136"
1iKYXqRITX0, 30.000, 40.000, "/m/042v_gx,/m/04rlf,/m/04szw,/m/07s0s5r,/m/0fx80y"
1iRg-77XGa4, 30.000, 40.000, "/m/01hsr_"
1iyrm8Fa1nc, 70.000, 80.000, "/m/042v_gx,/m/04rlf"
1jbaiMnClTI, 13.000, 23.000, "/m/014zdl,/m/04rlf"
1jwPySTLw5s, 0.000, 10.000, "/m/0395lw,/m/03w41f"
1kFLvutY__w, 30.000, 40.000, "/m/014zdl"
1kdRFmi_pgc, 0.000, 10.000, "/m/05tny_,/m/068hy,/m/0bt9lr,/m/0jbk"
1kdkD1XT3U4, 30.000, 40.000, "/m/014zdl"
1kk1p415cVM, 30.000, 40.000, "/m/03kmc9,/m/04rlf"
1kquACX3S2Q, 0.000, 10.000, "/m/042v_gx,/m/04rlf"
1l2CkcwAVNE, 30.000, 40.000, "/m/0ngt1"
1l_DUKaLESE, 30.000, 40.000, "/m/042v_gx,/m/04rlf,/m/04szw,/m/07s0s5r,/m/0fx80y"
1ldB1HpS4_4, 30.000, 40.000, "/m/03kmc9,/m/0c1dj"
1ldO0rQ21Y8, 3.000, 13.000, "/m/0ngt1"
1mYxnxtN60o, 30.000, 40.000, "/m/0ngt1"
1nK_Ol90Kms, 30.000, 40.000, "/m/014zdl"
1ni3AC2Yux4, 0.000, 8.000, "/m/014zdl"
1nunUiquB_g, 30.000, 40.000, "/m/03kmc9"
1oHwqU991sI, 0.000, 10.000, "/m/05tny_,/m/068hy,/m/07r_k2n,/m/09x0r,/m/0bt9lr,/m/0jbk"
1oJkixYkdvY, 30.000, 40.000, "/m/03kmc9"
1oQKxm929is, 30.000, 40.000, "/m/042v_gx,/m/04rlf,/m/04szw,/m/0fx80y"
1oRD612mE7k, 28.000, 38.000, "/m/014zdl,/m/09x0r"
1p0PThnmzkE, 30.000, 40.000, "/m/042v_gx,/m/04rlf,/m/04szw,/m/07s0s5r,/m/0fx80y"
1pGEeTSdPYM, 30.000, 40.000, "/m/03kmc9"
1pgrPh780dY, 1.000, 11.000, "/m/014zdl,/m/07qsvvw"
1q7-rJGA6JU, 30.000, 40.000, "/m/042v_gx,/m/04rlf"
1qId7Y7Yqkc, 10.000, 20.000, "/m/014zdl,/m/04rlf,/m/09x0r"
1r0JwOUx3V0, 30.000, 40.000, "/m/01hsr_"
1r9kPe1vmgs, 330.000, 340.000, "/m/014zdl,/m/04rlf"
1rre7hp7g7k, 30.000, 40.000, "/m/014zdl"
1s8N-DDiak4, 30.000, 40.000, "/m/03kmc9,/m/0dgbq"
1sF3r4jqCKI, 30.000, 40.000, "/m/042v_gx,/m/04rlf,/m/04szw,/m/07y_7,/m/0fx80y"
1sbJA75_x14, 90.000, 100.000, "/m/03kmc9"
1smHogEj-dc, 130.000, 140.000, "/m/0395lw"
1snmtHUyGF8, 0.000, 5.000, "/m/014zdl,/m/07qsvvw,/m/09x0r"
1so-po701Ic, 0.000, 10.000, "/m/0ngt1"
1te4HDtVoJ0, 20.000, 30.000, "/m/014zdl,/m/04rlf"
1tyEcu57iQU, 50.000, 60.000, "/m/05tny_,/m/068hy,/m/0bt9lr,/m/0jbk"
1u6-sB6XPk4, 30.000, 40.000, "/m/042v_gx,/m/04rlf,/m/04szw,/m/0fx80y"
1uBx5S2sdPA, 30.000, 40.000, "/m/014zdl,/m/04rlf,/m/07pxg6y,/m/09x0r"
1uDzi29JRnQ, 110.000, 120.000, "/m/0ngt1"
1uMjZcNQ6Ps, 27.000, 37.000, "/m/014zdl"
1uSavuICk1M, 40.000, 50.000, "/m/05tny_,/m/068hy,/m/0bt9lr,/m/0jbk"
1ujKjCO4_To, 0.000, 10.000, "/m/05tny_,/m/068hy,/m/07r_k2n,/m/0bt9lr,/m/0jbk"
1v0_JuHsves, 80.000, 90.000, "/m/0395lw"
1vArx0OeW90, 12.000, 22.000, "/m/03kmc9,/m/07yv9"
1valW9Ni3X0, 30.000, 40.000, "/m/03kmc9"
1wHQeReQeR0, 30.000, 40.000, "/m/03kmc9"
1wJoXRIRBfI, 70.000, 80.000, "/m/05tny_,/m/068hy,/m/07r_k2n,/m/07rc7d9,/m/09x0r,/m/0bt9lr,/t/dd00136"
1x0EC4flJcs, 30.000, 40.000, "/m/042v_gx,/m/04rlf,/m/04szw,/m/07s0s5r,/m/0fx80y"
1x7gZAM265k, 30.000, 40.000, "/m/042v_gx,/m/04rlf"
1xF2bDX2o4Q, 30.000, 40.000, "/m/03kmc9,/m/0dgbq"
1xFQ1tL_UzQ, 30.000, 40.000, "/m/03kmc9,/m/0dgbq"
1xNKDWUtJLA, 230.000, 240.000, "/m/042v_gx,/m/04szw"
1xVawuzTdns, 190.000, 200.000, "/m/03kmc9"
1xgyLvwUoII, 30.000, 40.000, "/m/03kmc9"
1xw0xlU-AG8, 30.000, 40.000, "/m/03kmc9"
1y1B47Qncx0, 30.000, 40.000, "/m/03kmc9"
1yLw9I6Vxe4, 70.000, 80.000, "/m/0395lw"
1ypY7k2Biao, 90.000, 100.000, "/m/042v_gx"
1zW61b4aiJw, 23.000, 33.000, "/m/014zdl,/m/07qsvvw,/m/09x0r"
1zgiQW0deuU, 90.000, 100.000, "/m/0395lw,/m/04rlf,/t/dd00125"
2-7Sf5ji1XU, 100.000, 110.000, "/m/03kmc9,/m/0dgbq"
2-DgzCaJZ70, 30.000, 40.000, "/m/014zdl,/m/09x0r"
20JAZyG6OhA, 260.000, 270.000, "/m/01hsr_"
20NAXLPdvlg, 30.000, 40.000, "/m/042v_gx,/m/04rlf"
20RwAJ4dtSU, 80.000, 90.000, "/m/03kmc9,/m/068hy,/m/07qf0zm,/m/0bt9lr,/m/0jbk"
20_2SdnKJ3Q, 30.000, 40.000, "/m/0395lw,/m/09x0r"
20hWAwusiGQ, 30.000, 40.000, "/m/014zdl,/m/09x0r"
20uiX8xYiec, 100.000, 110.000, "/m/05tny_,/m/09x0r,/m/0jbk"
21u2O1-85zc, 30.000, 40.000, "/m/042v_gx,/m/04rlf"
21w8_49pMS0, 30.000, 40.000, "/m/03kmc9"
22ASjE3lCWs, 590.000, 600.000, "/m/0395lw,/m/04rlf"
22jHM0h93uU, 60.000, 70.000, "/m/03kmc9,/m/0dgbq"
22tADKfx3jM, 30.000, 40.000, "/m/042v_gx,/m/04rlf"
22x01L0U63A, 2.000, 12.000, "/m/03kmc9"
235CwPMzBUU, 50.000, 60.000, "/m/0395lw,/m/03w41f"
23eUGFhDwAw, 10.000, 20.000, "/m/042v_gx,/m/04rlf,/m/04szw"
256ESX-Fe90, 30.000, 40.000, "/m/03kmc9,/m/04qvtq,/m/07yv9"
25UwLvYW-8o, 390.000, 400.000, "/m/014zdl,/m/015p6,/m/09x0r"
25YIRym8ubI, 240.000, 250.000, "/m/0395lw"
262QbQdzRhc, 10.000, 20.000, "/m/03kmc9,/m/09x0r"
264baskQWf4, 30.000, 40.000, "/m/03kmc9,/m/09x0r"
26nTbSsKfAw, 30.000, 40.000, "/m/03kmc9"
26wMJwDS0eE, 360.000, 370.000, "/m/0395lw"
26xsmwq1GEc, 27.000, 37.000, "/m/03kmc9"
26zfohLWxy0, 30.000, 40.000, "/m/042v_gx,/m/04rlf,/m/04szw,/m/0fx80y"
27Ia83p6rA4, 6.000, 16.000, "/m/014zdl"
27LvpNxr1Wo, 30.000, 40.000, "/m/0395lw,/m/03w41f"
28SKOvm8kX4, 30.000, 40.000, "/m/0395lw,/m/03w41f"
28YNjw7cyPE, 30.000, 40.000, "/m/014zdl"
28du3XZqMjQ, 30.000, 40.000, "/m/05tny_,/m/07rc7d9,/m/07yv9,/t/dd00136"
28zIp-jCBXc, 30.000, 40.000, "/m/05tny_,/m/09x0r"
298yCWU5bcM, 220.000, 230.000, "/m/0395lw,/m/04rlf,/m/09x0r,/t/dd00125"
29SMMibYXJY, 30.000, 40.000, "/m/05tny_,/m/068hy,/m/09x0r,/m/0bt9lr,/m/0jbk"
2APx_cRBqRQ, 70.000, 80.000, "/m/05tny_,/m/07rc7d9,/m/09x0r,/m/0jbk,/t/dd00129"
2AQ4CPltrT8, 120.000, 130.000, "/m/0395lw"
2ATmcioGXQQ, 50.000, 60.000, "/m/0395lw,/m/03w41f"
2AaH0Ph70fA, 50.000, 60.000, "/m/05tny_,/m/068hy,/m/07r_k2n,/m/0bt9lr,/m/0jbk"
2Afxxpm4qYA, 30.000, 40.000, "/m/042v_gx,/m/04rlf"
2AoXSh0UkDQ, 100.000, 110.000, "/m/042v_gx,/m/04rlf"
2B-3pYZItLs, 180.000, 190.000, "/m/05tny_,/m/068hy,/m/09x0r,/m/0bt9lr,/m/0ghcn6,/m/0jbk,/t/dd00125"
2BC6r5-U-lo, 17.000, 27.000, "/m/014zdl,/m/09x0r"
2BUqOk1Nt9Q, 30.000, 40.000, "/m/05tny_,/m/068hy,/m/0bt9lr,/m/0jbk"
2BcOrblHL_A, 15.000, 25.000, "/m/014zdl"
2BsSGMhhXAo, 30.000, 40.000, "/m/042v_gx,/m/04rlf,/m/04szw,/m/0fx80y"
2ByY3kMCIGg, 1.000, 11.000, "/m/014zdl,/m/07qsvvw"
2C4nvMqXCCE, 17.000, 27.000, "/m/014zdl"
2C_rfK4K35Q, 0.000, 6.000, "/m/014zdl"
2ChEH4eZNaA, 8.000, 18.000, "/m/014zdl,/m/09x0r"
2ERZO4pgRNo, 40.000, 50.000, "/m/0ngt1"
2FikFBR7_Hk, 170.000, 180.000, "/m/042v_gx,/m/04rlf,/m/04szw,/m/09x0r,/m/0fx80y"
2GKju4tOOHs, 30.000, 40.000, "/m/042v_gx,/m/04rlf,/m/04szw,/m/07s0s5r,/m/0fx80y"
2GQ7fHIa-dw, 280.000, 290.000, "/m/05tny_,/m/068hy,/m/07rc7d9,/m/0bt9lr,/m/0jbk"
2GYE-Tl5CJk, 0.000, 8.000, "/m/014zdl,/m/04rlf,/m/07qsvvw,/m/09x0r"
2GcPFI4zIZU, 230.000, 240.000, "/m/05tny_,/m/068hy,/m/09x0r,/m/0bt9lr,/m/0jbk"
2Gm8ZT0c2zQ, 4.000, 14.000, "/m/014zdl,/m/07qsvvw"
2H8eoJkgiwE, 3.000, 13.000, "/m/014zdl,/m/07qsvvw"
2HArOABrMmk, 30.000, 40.000, "/m/0395lw,/m/04rlf,/m/09x0r"
2HLtTNVcJLI, 30.000, 40.000, "/m/014zdl,/m/07qsvvw,/m/09x0r"
2HqOqNG5-OI, 30.000, 40.000, "/m/042v_gx,/m/04rlf,/m/04szw,/m/07s0s5r,/m/0fx80y"
2IsgfovbWC4, 10.000, 20.000, "/m/01hsr_"
2ItUeJSXOiY, 30.000, 40.000, "/m/042v_gx,/m/04rlf"
2JDTUrcBNrM, 20.000, 30.000, "/m/05tny_,/m/068hy,/m/07qf0zm,/m/09x0r,/m/0bt9lr,/m/0jbk"
2JPXvghsvSA, 50.000, 60.000, "/m/0ngt1"
2Ja8zoFpTEM, 80.000, 90.000, "/m/05tny_"
2JfgmC-HPu8, 310.000, 320.000, "/m/042v_gx"
2JrfdZMYHkI, 190.000, 200.000, "/m/0395lw,/m/09x0r,/m/0ytgt"
2Jvv2CP6kKg, 30.000, 40.000, "/m/05tny_,/m/0bt9lr"
2KTJl8Wfirw, 480.000, 490.000, "/m/0395lw,/m/03w41f"
2KY7Rm8ZWLE, 160.000, 170.000, "/m/042v_gx,/m/04rlf"
2LOd8PxLlVk, 10.000, 20.000, "/m/014zdl,/m/04rlf"
2LbeW-yEEWI, 30.000, 40.000, "/m/042v_gx,/m/04rlf,/m/04szw,/m/07s0s5r"
2LfQrLUf7Mk, 23.000, 33.000, "/m/014zdl,/m/07qsvvw,/m/09x0r"
2Mz57g7-Hfc, 0.000, 10.000, "/m/042v_gx,/m/04rlf"
2NZFSRaQ6DA, 0.000, 10.000, "/m/05tny_,/m/068hy,/m/0bt9lr,/m/0jbk"
2O0M6je2rEE, 0.000, 10.000, "/m/01hsr_,/m/09x0r"
2Ol82Y1Lfh0, 10.000, 20.000, "/m/0395lw"
2PcnNetsr3Q, 2.000, 12.000, "/m/014zdl,/m/07qsvvw,/m/09x0r"
2Pdig-LaQo0, 90.000, 100.000, "/m/05tny_,/m/068hy,/m/07rc7d9,/m/09x0r,/m/0bt9lr,/m/0jbk"
2PkpVLmtcWY, 30.000, 40.000, "/m/042v_gx,/m/04rlf,/m/04szw,/m/0fx80y"
2QKUFwKvRbA, 30.000, 40.000, "/m/05tny_,/m/068hy,/m/07rc7d9,/m/0bt9lr,/m/0jbk"
2QhjPJv7ido, 50.000, 60.000, "/m/05tny_,/m/068hy,/m/07rc7d9,/m/09x0r,/m/0bt9lr,/m/0jbk"
2RMx97TFpxw, 30.000, 40.000, "/m/042v_gx,/m/04rlf,/m/04szw,/m/07s0s5r,/m/0fx80y"
2RYK5lEUZoI, 30.000, 40.000, "/m/042v_gx,/m/04rlf,/m/09x0r"
2S0LMdI62Ao, 30.000, 40.000, "/m/042v_gx,/m/04rlf"
2SqH6Vuu4lc, 10.000, 20.000, "/m/05tny_,/m/068hy,/m/09x0r,/m/0bt9lr,/m/0jbk"
2TGPX6Hd_CU, 30.000, 40.000, "/m/014zdl"
2U1We_NV7BU, 10.000, 20.000, "/m/01hsr_,/m/09x0r"
2U2G4oJOgRM, 30.000, 40.000, "/m/05tny_,/m/068hy,/m/0bt9lr,/m/0jbk"
2U5xBPm2Y3w, 90.000, 100.000, "/m/05tny_,/m/068hy,/m/0bt9lr,/m/0jbk"
2UkRcwU5lfM, 30.000, 40.000, "/m/042v_gx,/m/04rlf,/m/04szw,/m/07s0s5r,/m/0fx80y"
2UwDVFmORg8, 30.000, 40.000, "/m/042v_gx,/m/04rlf,/m/04szw,/m/07s0s5r"
2VhWdF9yz9w, 8.000, 18.000, "/m/014zdl,/m/09x0r"
2W4Ly0m01LE, 10.000, 20.000, "/m/05tny_,/m/09x0r"
2W6TuwgGsKY, 340.000, 350.000, "/m/0395lw,/m/04rlf"
2WGSi3Qb-kk, 160.000, 170.000, "/m/0395lw,/m/04rlf,/m/04szw,/m/0dwsp"
2WZvis3BOPA, 50.000, 60.000, "/m/014zdl,/m/02_41"
2WkzPxRuio8, 1.000, 11.000, "/m/014zdl"
2Wx4HSxIL8M, 70.000, 80.000, "/m/0ngt1"
2YcWc3Iwp4Y, 1.000, 11.000, "/m/014zdl,/m/04rlf"
2YeZBEzUoLw, 30.000, 40.000, "/m/014zdl"
2YljvfkQBhk, 40.000, 50.000, "/m/05tny_,/m/068hy,/m/07rc7d9,/m/0bt9lr,/m/0jbk"
2Yq6V9d8noI, 520.000, 530.000, "/m/0395lw,/m/04rlf"
2ZYRm-YO9_U, 30.000, 40.000, "/m/042v_gx,/m/04rlf"
2ZfMQYF-LZw, 190.000, 200.000, "/m/01hsr_,/m/07s0dtb"
2ZgPv6tcdIY, 30.000, 40.000, "/m/042v_gx,/m/04rlf,/m/04szw,/m/07s0s5r"
2ZxE0uMIfa0, 10.000, 20.000, "/m/01hsr_,/m/0261r1,/m/09x0r"
2_ljDKHdv6g, 0.000, 10.000, "/m/05tny_,/m/068hy,/m/0bt9lr,/m/0jbk"
2_oXgPnaZOs, 30.000, 40.000, "/m/042v_gx,/m/04rlf"
2_v6WYJ-bCw, 30.000, 40.000, "/m/014zdl,/m/09x0r"
2a0ZcVUlce0, 80.000, 90.000, "/m/01hsr_"
2aViX0id7Kk, 17.000, 27.000, "/m/014zdl,/m/07qsvvw,/m/09x0r"
2awrWKICfPY, 210.000, 220.000, "/m/042v_gx,/m/04rlf"
2c2mvIsaS5Y, 30.000, 40.000, "/m/042v_gx,/m/04rlf,/m/04szw,/m/07s0s5r"
2c3gzj2jIfk, 10.000, 20.000, "/m/05tny_,/m/068hy,/m/09x0r,/m/0bt9lr,/m/0ghcn6,/m/0jbk,/t/dd00136"
2c5VU69225M, 30.000, 40.000, "/m/05tny_,/m/068hy,/m/0bt9lr,/m/0jbk"
2dVKviKRMPo, 0.000, 10.000, "/m/05tny_,/m/068hy,/m/07rc7d9,/m/09x0r,/m/0bt9lr,/m/0jbk"
2danWtaEtwA, 20.000, 30.000, "/m/0395lw"
2doARKIAAnE, 380.000, 390.000, "/m/05tny_,/m/068hy,/m/09x0r,/m/0bt9lr,/m/0jbk"
2e1FUrzfOjI, 170.000, 180.000, "/m/0395lw,/m/03w41f"
2etKF3C7qdI, 0.000, 10.000, "/m/042v_gx,/m/04rlf"
2fJ3u8obmPo, 25.000, 35.000, "/m/014zdl"
2fQrkImGuqE, 16.000, 26.000, "/m/014zdl,/m/07pxg6y,/m/07qsvvw"
2fbqHXWx_3I, 12.000, 22.000, "/m/014zdl,/m/07pxg6y"
2gWtsgTbSSo, 30.000, 40.000, "/m/014zdl,/m/04rlf,/m/09x0r"
2h0cIf3BBFY, 400.000, 410.000, "/m/0395lw,/m/04rlf,/m/09x0r"
2hKC_gyijcw, 10.000, 20.000, "/m/05tny_,/m/0bt9lr,/m/0jbk"
2hrUTbQ95SE, 24.000, 34.000, "/m/042v_gx,/m/04rlf,/m/04szw"
2iG4pkzHNMo, 30.000, 40.000, "/m/042v_gx,/m/04rlf"
2iZdXtY1Sag, 30.000, 40.000, "/m/042v_gx,/m/04rlf,/m/04szw,/m/07s0s5r,/m/0fx80y"
2ic6Zrdptzo, 10.000, 20.000, "/m/014zdl,/m/09x0r"
2ijJeXRSmQ0, 30.000, 40.000, "/m/014zdl,/m/09x0r"
2jC9HIeo7Y0, 30.000, 40.000, "/m/014zdl,/m/09x0r"
2jNm92O8qKg, 120.000, 130.000, "/m/0395lw,/m/09x0r"
2k2q4TsAnB8, 30.000, 40.000, "/m/0395lw,/m/04rlf,/m/04szw"
2k4xfsc_jDg, 30.000, 40.000, "/m/014zdl,/m/04rlf,/m/09x0r"
2kLO5ebfeA0, 20.000, 30.000, "/m/05tny_,/m/068hy,/m/0bt9lr,/m/0jbk"
2kgCG8_2NGg, 30.000, 40.000, "/m/0395lw,/m/04szw,/m/09x0r"
2lZUArWN-e8, 10.000, 20.000, "/m/05tny_,/m/068hy,/m/07rc7d9,/m/09x0r,/m/0bt9lr,/m/0jbk"
2laIF_Fi-5o, 30.000, 40.000, "/m/042v_gx,/m/04rlf,/m/04szw,/m/0fx80y"
2m1nOUFWFAM, 70.000, 80.000, "/m/042v_gx,/m/04rlf"
2mOLxcdO5xg, 30.000, 40.000, "/m/042v_gx,/m/04rlf"
2mZ_nB2BhZ8, 30.000, 40.000, "/m/042v_gx,/m/04rlf,/m/04szw,/m/07s0s5r,/m/0fx80y"
2me3_CkA0Tg, 30.000, 40.000, "/m/05tny_,/m/068hy,/m/09x0r,/m/0bt9lr,/m/0ghcn6,/m/0jbk"
2moq-eVnl0Y, 0.000, 10.000, "/m/042v_gx"
2n_EYeAf0Es, 180.000, 190.000, "/m/01hsr_,/m/09x0r"
2oTRF6Qbfss, 30.000, 40.000, "/m/042v_gx,/m/04rlf,/m/04szw,/m/07s0s5r,/m/0fx80y"
2oodPn9DEZ0, 20.000, 30.000, "/m/05tny_,/m/068hy,/m/09x0r,/m/0bt9lr,/m/0ghcn6,/m/0jbk"
2p8Z_JDIvuw, 40.000, 50.000, "/m/01hsr_,/m/09x0r"
2pbep-F_puE, 410.000, 420.000, "/m/042v_gx,/m/04rlf"
2qJD0gWSyoQ, 30.000, 40.000, "/m/042v_gx,/m/04rlf"
2rFDxmgwzks, 30.000, 40.000, "/m/042v_gx,/m/04rlf,/m/04szw,/m/0fx80y"
2rw7Hy0zPTs, 180.000, 190.000, "/m/014zdl"
2sGbIOzBCGA, 20.000, 30.000, "/m/01hsr_,/m/09x0r"
2t5EhFE2nwE, 40.000, 50.000, "/m/01hsr_,/m/09x0r,/m/0ytgt"
2t82STv2GR8, 110.000, 120.000, "/m/0395lw"
2ty0UNZyvIQ, 140.000, 150.000, "/m/05tny_,/m/068hy,/m/07r_k2n,/m/0bt9lr,/m/0jbk"
2u43chNze4A, 260.000, 270.000, "/m/05tny_,/m/068hy,/m/0bt9lr,/m/0jbk"
2uMnGc-ybIg, 80.000, 90.000, "/m/0395lw,/m/04rlf"
2uRe-e8RVEM, 190.000, 200.000, "/m/05tny_,/m/07rc7d9,/m/0bt9lr,/m/0jbk"
2ujwzX1v7B4, 30.000, 40.000, "/m/05tny_,/m/068hy,/m/09x0r,/m/0bt9lr,/m/0jbk"
2vIFlt7rBO4, 30.000, 40.000, "/m/0395lw,/m/04rlf,/m/09x0r,/t/dd00126"
2vQ2xPk1QmA, 30.000, 40.000, "/m/042v_gx,/m/04rlf,/m/04szw,/m/07s0s5r,/m/0fx80y"
2vhKp9BFinw, 0.000, 10.000, "/m/014zdl"
2vqZ2M1qmiE, 7.000, 17.000, "/m/014zdl,/m/07pxg6y"
2vzVWCwOn88, 40.000, 50.000, "/m/01hsr_,/m/09x0r"
2wE4M275mb4, 20.000, 30.000, "/m/0ngt1"
2wrDhwN-NvQ, 0.000, 10.000, "/m/0395lw,/m/03w41f"
2xSpPJkPJqo, 6.000, 16.000, "/m/014zdl,/m/07qsvvw"
2xcbtz1ladg, 25.000, 35.000, "/m/014zdl,/m/09x0r"
2xobBryGD3A, 0.000, 10.000, "/m/05tny_,/m/068hy,/m/07rc7d9,/m/0bt9lr,/m/0jbk"
2zSaeoHAzFA, 30.000, 40.000, "/m/042v_gx,/m/04rlf,/m/04szw,/m/0fx80y"
2zYTns2esTQ, 12.000, 22.000, "/m/014zdl,/m/07qsvvw"
2ziLXuwHoB4, 30.000, 40.000, "/m/042v_gx,/m/04rlf,/m/04szw,/m/07s0s5r"
2zoXLLuhfPg, 0.000, 9.000, "/m/014zdl,/m/07qsvvw"
3-J29DSmV6k, 25.000, 35.000, "/m/014zdl,/m/07pxg6y,/m/09x0r"
3-ULOPPc_h4, 120.000, 130.000, "/m/0395lw,/m/03w41f,/m/04rlf"
3-gROn3c7Qk, 22.000, 32.000, "/m/014zdl"
30lcuDKGe2I, 20.000, 30.000, "/m/042v_gx"
311J4GFKdGc, 30.000, 40.000, "/m/042v_gx,/m/04rlf,/m/04szw,/m/07s0s5r,/m/0fx80y"
31C6xlxr2-I, 0.000, 4.000, "/m/014zdl"
31dsgE9jjKQ, 20.000, 30.000, "/m/042v_gx,/m/04szw,/m/07s0s5r"
31uxWvQ3zbw, 30.000, 40.000, "/m/042v_gx,/m/04rlf"
32RCWk5ez34, 30.000, 40.000, "/m/014zdl,/m/07qsvvw,/m/09x0r"
33MfOlKt0qo, 0.000, 7.000, "/m/014zdl,/m/09x0r"
33UYI3LaeEw, 0.000, 10.000, "/m/05tny_,/m/068hy,/m/09x0r,/m/0bt9lr,/m/0jbk"
33kNjP7bbkc, 28.000, 38.000, "/m/014zdl,/m/07qsvvw,/m/09x0r"
33pEHpYf_bs, 0.000, 7.000, "/m/014zdl,/m/07qsvvw"
33qkTiRrZcY, 180.000, 190.000, "/m/01hsr_"
348Wjkhy7co, 30.000, 40.000, "/m/042v_gx,/m/04rlf,/m/04szw,/m/07s0s5r,/m/0fx80y"
34o84pbjfUM, 10.000, 20.000, "/m/05tny_,/m/068hy,/m/07rc7d9,/m/0bt9lr,/m/0jbk"
35GnqnyAWCw, 70.000, 80.000, "/m/0ngt1"
36ZJk26Rl7E, 0.000, 10.000, "/m/05tny_,/m/068hy,/m/0bt9lr,/m/0jbk,/t/dd00136"
36xzrUTlmKw, 40.000, 50.000, "/m/05tny_,/m/0bt9lr,/m/0jbk"
379kwTDdGuA, 30.000, 40.000, "/m/042v_gx,/m/04rlf"
37J8lZ8ls-I, 260.000, 270.000, "/m/0395lw"
37Z4IwGv268, 30.000, 40.000, "/m/042v_gx,/m/04rlf,/m/04szw,/m/07s0s5r,/m/0fx80y"
37uKSG19bGU, 30.000, 40.000, "/m/042v_gx,/m/04rlf,/m/04szw"
383FnIOKzVE, 0.000, 10.000, "/m/05tny_,/m/07rc7d9,/m/09x0r,/m/0bt9lr,/t/dd00125"
38ZHxrz7jFE, 60.000, 70.000, "/m/01hsr_"
38iUj742WWE, 10.000, 20.000, "/m/0395lw,/m/04rlf"
38zhUyxSi3o, 30.000, 40.000, "/m/042v_gx,/m/04rlf"
39oNYwaR6yw, 30.000, 40.000, "/m/014zdl,/m/04rlf,/m/07qsvvw"
3ApyJC_KATE, 30.000, 40.000, "/m/014zdl,/m/04_sv,/m/04rlf"
3BR9QPq2lvI, 10.000, 20.000, "/m/05tny_,/m/068hy,/m/07r_k2n,/m/07rc7d9,/m/09x0r,/m/0bt9lr,/m/0jbk,/t/dd00125"
3CS2JxoplKg, 30.000, 40.000, "/m/05tny_,/m/068hy,/m/07r_k2n,/m/07rc7d9,/m/0bt9lr,/m/0jbk,/t/dd00136"
3Cu8KEB9C74, 70.000, 80.000, "/m/05tny_,/m/068hy,/m/0bt9lr,/m/0jbk"
3DJD8H-m57A, 30.000, 40.000, "/m/042v_gx,/m/04rlf,/m/04szw,/m/07s0s5r,/m/0fx80y"
3DtrGTFV66Q, 30.000, 40.000, "/m/042v_gx,/m/04rlf"
3F3NMZPGom4, 30.000, 40.000, "/m/042v_gx,/m/04rlf,/m/04szw,/m/09x0r"
3FRpoQqKg68, 0.000, 7.000, "/m/014zdl,/m/09x0r"
3FZ2-hz0ZNY, 140.000, 150.000, "/m/042v_gx"
3Fd2XN4dKMw, 0.000, 8.000, "/m/014zdl,/m/07qsvvw"
3FmxwhMpvbA, 30.000, 40.000, "/m/05tny_,/m/068hy,/m/07qf0zm,/m/07rc7d9,/m/0bt9lr,/m/0jbk"
3GQe01sdkI4, 220.000, 230.000, "/m/0395lw,/m/04rlf"
3GjHbKHT4xY, 30.000, 40.000, "/m/042v_gx,/m/04rlf,/m/07s0s5r"
3HZ4QTLYGas, 3.000, 13.000, "/m/014zdl"
3HcMxpijGws, 0.000, 10.000, "/m/01hsr_"
3IEwwlZE3fQ, 580.000, 590.000, "/m/01hsr_"
3IgRUF115ns, 24.000, 34.000, "/m/014zdl,/m/07qsvvw"
3Ihee_Rm0tA, 30.000, 40.000, "/m/042v_gx,/m/04rlf,/m/04szw,/m/0fx80y"
3IpO5Ti06rE, 20.000, 30.000, "/m/0395lw"
3ItHVu-KT2k, 20.000, 30.000, "/m/01hsr_"
3JKckSSAU4Q, 30.000, 40.000, "/m/042v_gx,/m/04rlf,/m/04szw"
3Jlw0UmbfOw, 1.000, 11.000, "/m/014zdl,/m/07qsvvw"
3KALVyKRScs, 10.000, 20.000, "/m/05tny_,/m/068hy,/m/09x0r,/m/0bt9lr,/m/0jbk"
3L5F6oaKiIE, 30.000, 40.000, "/m/042v_gx,/m/04rlf,/m/04szw,/m/0fx80y"
3LO8iqmX_LM, 30.000, 40.000, "/m/05tny_"
3LP8b_3wO2s, 21.000, 31.000, "/m/014zdl,/m/09x0r"
3LoiDamcBHA, 330.000, 340.000, "/m/042v_gx"
3M0t6136yDI, 20.000, 30.000, "/m/05tny_,/m/068hy,/m/0bt9lr,/m/0ghcn6,/m/0jbk"
3MuMA-V68zA, 30.000, 40.000, "/m/042v_gx,/m/04rlf,/m/09x0r"
3NRA3-STV40, 20.000, 30.000, "/m/01hsr_,/m/09x0r"
3OVvstfC2xc, 70.000, 80.000, "/m/0395lw"
3Olb_6aFMuc, 10.000, 20.000, "/m/05tny_,/m/068hy,/m/07rc7d9,/m/09x0r,/m/0bt9lr,/m/0jbk"
3OoNu21S3h8, 28.000, 38.000, "/m/014zdl,/m/07qsvvw"
3P-bZ5MKAig, 30.000, 40.000, "/m/042v_gx,/m/04rlf,/m/04szw,/m/07s0s5r,/m/0fx80y"
3PFCJvIyoAQ, 0.000, 10.000, "/m/042v_gx,/m/04rlf"
3PMEntLDDEs, 0.000, 10.000, "/m/042v_gx,/m/04rlf,/m/09x0r"
3PXapuGaA0A, 150.000, 160.000, "/m/05tny_,/m/0bt9lr,/m/0jbk"
3QR8_ZVk8G4, 160.000, 170.000, "/m/05tny_,/m/068hy,/m/07rc7d9,/m/0bt9lr,/m/0jbk"
3QSOCBMSBak, 290.000, 300.000, "/m/05tny_,/m/07rc7d9,/m/0ghcn6"
3RcRORTOhcg, 0.000, 4.000, "/m/014zdl,/m/07qsvvw"
3S5ordq57Cw, 30.000, 40.000, "/m/042v_gx,/m/04rlf,/m/04szw"
3SNWqn6g2RY, 190.000, 200.000, "/m/01hsr_"
3Sjci6L-YYY, 100.000, 110.000, "/m/0395lw"
3SoKGRtImdk, 30.000, 40.000, "/m/014zdl,/m/04rlf"
3T2qX9IEiSA, 0.000, 6.000, "/m/014zdl"
3TDpwW3Hdbo, 30.000, 40.000, "/m/014zdl,/m/0155w,/m/04rlf"
3TM5MxgWa9E, 390.000, 400.000, "/m/0395lw"
3TyaOXvpBmk, 7.000, 17.000, "/m/014zdl,/m/07pxg6y,/m/07qsvvw"
3US58Noi7H0, 30.000, 40.000, "/m/042v_gx,/m/04rlf,/m/04szw,/m/0fx80y"
3Uz50faafeQ, 110.000, 120.000, "/m/042v_gx,/m/04rlf"
3VeDEuusP9U, 40.000, 50.000, "/m/05tny_,/m/068hy,/m/09x0r,/m/0bt9lr,/m/0jbk"
3Vnql2TQAuo, 0.000, 9.000, "/m/014zdl"
3VzUjZdZEnU, 7.000, 17.000, "/m/014zdl,/m/04rlf,/m/07qsvvw"
3WNZSHOVfHU, 90.000, 100.000, "/m/01hsr_"
3X4YtZ8K3aw, 200.000, 210.000, "/m/0395lw"
3YHTW3zUQGk, 80.000, 90.000, "/m/0395lw,/m/09x0r"
3YVoBRezPIc, 10.000, 20.000, "/m/042v_gx"
3YyDjkOkZ5I, 40.000, 50.000, "/m/0395lw"
3Z6YDShJwCM, 30.000, 40.000, "/m/014zdl,/m/07qsvvw"
3ZJ8MdldeQs, 70.000, 80.000, "/m/0395lw"
3_d-HjRMmzA, 0.000, 10.000, "/m/014zdl,/m/04zjc"
3_oozRQ7ZI0, 9.000, 19.000, "/m/014zdl,/m/09x0r"
3_xhukO8SnI, 280.000, 290.000, "/m/0395lw"
3aM5rdvPW_4, 9.000, 19.000, "/m/014zdl,/m/07qsvvw"
3amLHs9q7-g, 30.000, 40.000, "/m/042v_gx,/m/04rlf"
3bQW07ernkY, 20.000, 30.000, "/m/05tny_,/m/0bt9lr,/m/0jbk"
3c3JpNKyYyY, 30.000, 40.000, "/m/042v_gx,/m/04rlf,/m/04szw,/m/07s0s5r,/m/0fx80y"
3cBxcsQBEvE, 30.000, 40.000, "/m/042v_gx,/m/04rlf,/m/04szw,/m/0fx80y"
3d0u9ziywb8, 30.000, 40.000, "/m/05tny_,/m/068hy,/m/09x0r,/m/0bt9lr,/m/0jbk"
3eXYHDiW3Yc, 30.000, 40.000, "/m/05tny_,/m/07rc7d9,/m/09x0r,/m/0bt9lr,/m/0jbk"
3edp1qAhLB0, 40.000, 50.000, "/m/01hsr_"
3fLGgMB_EI8, 10.000, 20.000, "/m/01hsr_,/m/09x0r"
3feFULgdS_w, 20.000, 30.000, "/m/0395lw,/m/09x0r"
3fxM0ntR7dQ, 25.000, 35.000, "/m/014zdl,/m/07qsvvw"
3gUznC7Kdt8, 5.000, 15.000, "/m/014zdl,/m/09x0r"
3gwAXQslyjE, 0.000, 10.000, "/m/01hsr_"
3hy5p7EwVG4, 20.000, 30.000, "/m/05tny_,/m/068hy,/m/07rc7d9,/m/0bt9lr,/m/0ghcn6,/m/0jbk"
3i0q5vVKvn8, 20.000, 30.000, "/m/0395lw,/m/04rlf,/t/dd00128"
3iPlzo1gZ9o, 160.000, 170.000, "/m/01hsr_"
3iYj8V-OxJM, 30.000, 40.000, "/m/05tny_,/m/068hy,/m/07rc7d9,/m/09x0r,/m/0bt9lr,/m/0jbk"
3jS8tWfLJxI, 90.000, 100.000, "/m/05tny_,/m/0bt9lr,/m/0jbk"
3johbhk-5pc, 90.000, 100.000, "/m/05tny_,/m/07rc7d9,/m/09x0r"
3ju9A5iJbo8, 30.000, 40.000, "/m/01hsr_,/m/09x0r"
3k06yhK3sfk, 0.000, 10.000, "/m/05tny_,/m/068hy,/m/09x0r,/m/0bt9lr,/m/0jbk"
3kn3K2Mc7z0, 140.000, 150.000, "/m/0395lw,/m/09x0r"
3l1E5zvutbQ, 0.000, 8.000, "/m/014zdl,/m/07qsvvw"
3lUL4Osm1f0, 0.000, 10.000, "/m/05tny_,/m/068hy,/m/09x0r,/m/0bt9lr,/m/0ghcn6,/m/0jbk"
3m7qEYjfp8A, 20.000, 30.000, "/m/01hsr_"
3mHbpPv93HE, 10.000, 20.000, "/m/0395lw"
3mV_kzIAfb8, 20.000, 30.000, "/m/05tny_,/m/068hy,/m/09x0r,/m/0bt9lr,/m/0jbk"
3nW0Dj2dOFo, 70.000, 80.000, "/m/05tny_,/m/0bt9lr"
3nWeAosWK40, 20.000, 30.000, "/m/05tny_,/m/068hy,/m/0bt9lr,/m/0jbk"
3oLvoYMm6Hw, 30.000, 40.000, "/m/014zdl,/m/07pxg6y,/m/07qsvvw"
3oQoMYHBFUM, 70.000, 80.000, "/m/01hsr_,/m/09x0r"
3o_cSuwy2Pw, 80.000, 90.000, "/m/0395lw,/m/04rlf"
3otUYJtk9iU, 30.000, 40.000, "/m/0395lw,/m/09x0r"
3pn5hPnIBbQ, 10.000, 20.000, "/m/05tny_,/m/09x0r"
3q07Hx7U8OE, 6.000, 16.000, "/m/014zdl,/m/09x0r"
3qWDdaXRPws, 25.000, 35.000, "/m/014zdl,/t/dd00129"
3qvMTGVVcIY, 200.000, 210.000, "/m/01hsr_"
3rELQFvoctA, 0.000, 10.000, "/m/014zdl,/m/04rlf"
3rkDZU1fu4c, 30.000, 40.000, "/m/0395lw"
3rl9FSKKplY, 20.000, 30.000, "/m/014zdl,/m/04rlf,/m/09x0r"
3sdVq2-uWtM, 70.000, 80.000, "/m/01hsr_"
3sj_-6uX3xk, 30.000, 40.000, "/m/01hsr_,/m/09x0r"
3tUSemmPTNc, 20.000, 30.000, "/m/05tny_,/m/068hy,/m/0bt9lr,/m/0jbk,/t/dd00125"
3u2_ffWo6Z0, 0.000, 6.000, "/m/014zdl,/m/09x0r"
3uDl8Uyu-Fc, 350.000, 360.000, "/m/0395lw,/m/03w41f"
3uXlSPVa2Ts, 9.000, 19.000, "/m/014zdl,/m/04rlf,/m/07qsvvw"
3w8jR6yqv7g, 350.000, 360.000, "/m/0395lw,/m/03w41f"
3wChkVShMSw, 13.000, 23.000, "/m/014zdl"
3ws6VfFgNxU, 30.000, 40.000, "/m/014zdl,/m/04rlf,/m/09x0r"
3x70QeKwwQ8, 0.000, 10.000, "/m/01hsr_"
3xbAoVtkinI, 100.000, 110.000, "/m/05tny_,/m/0jbk"
3xhBl0R0qBY, 30.000, 40.000, "/m/014zdl,/m/04rlf,/m/09x0r"
3xkQayOhjEg, 30.000, 40.000, "/m/014zdl,/m/04rlf"
3yAIpKwNAOs, 40.000, 50.000, "/m/05tny_,/m/068hy,/m/0bt9lr,/m/0jbk"
3yKJhepiOYw, 50.000, 60.000, "/m/0395lw"
3zKkWnQxxTs, 30.000, 40.000, "/m/0395lw"
3zbtaFmD2qE, 30.000, 40.000, "/m/014zdl,/m/07qsvvw"
4-AF-GeN5h4, 40.000, 50.000, "/m/0395lw"
4-aEOXQc8qk, 0.000, 5.000, "/m/014zdl"
40_z4tl6MV4, 2.000, 12.000, "/m/014zdl,/m/04rlf,/m/09x0r"
40yyAMukytA, 30.000, 40.000, "/m/05tny_,/m/09x0r,/m/0jbk"
41M325kO4jw, 0.000, 10.000, "/m/05tny_,/m/068hy,/m/0bt9lr,/m/0jbk"
41TTeZMRpzs, 30.000, 40.000, "/m/05tny_,/m/068hy,/m/09x0r,/m/0bt9lr,/m/0d31p,/m/0jbk"
41_hW-9u_S0, 30.000, 40.000, "/m/014zdl,/m/04rlf"
432qBwJpD7k, 40.000, 50.000, "/m/05tny_,/m/068hy,/m/09x0r,/m/0bt9lr,/m/0jbk"
443rTNtiUsY, 0.000, 10.000, "/m/05tny_,/m/068hy,/m/0bt9lr,/m/0jbk"
45fXNx2356Q, 30.000, 40.000, "/m/05tny_,/m/068hy,/m/09x0r,/m/0bt9lr,/m/0ghcn6,/m/0jbk"
475zEOrxv40, 30.000, 40.000, "/m/0395lw,/m/03w41f"
47IfSoWzeRw, 30.000, 40.000, "/m/01hsr_"
47yAJLPBbho, 0.000, 6.000, "/m/014zdl,/m/04rlf"
48QMOrJXFK0, 13.000, 23.000, "/m/014zdl,/m/07qsvvw,/m/09x0r"
48RPch070SQ, 30.000, 40.000, "/m/014zdl,/m/09x0r"
48hslqhFb98, 0.000, 10.000, "/m/05tny_,/m/068hy,/m/09x0r,/m/0bt9lr,/m/0jbk"
49KZ3abYtjQ, 50.000, 60.000, "/m/05tny_,/m/07rc7d9,/m/0jbk"
4BVlj6HFqoY, 0.000, 10.000, "/m/05tny_,/m/068hy,/m/09x0r,/m/0bt9lr,/m/0jbk"
4C2yBknu3ZM, 320.000, 330.000, "/m/0395lw"
4DW-A7jOQFY, 60.000, 70.000, "/m/05tny_,/m/068hy,/m/0bt9lr"
4FbKk2-UaD8, 30.000, 40.000, "/m/0395lw,/m/04rlf"
4FczPT0z67Y, 60.000, 70.000, "/m/01hsr_"
4GWh6xUe--8, 8.000, 18.000, "/m/0395lw,/m/0gy1t2s"
4GvxsqssztA, 250.000, 260.000, "/m/0395lw"
4KpwXsjUJ7g, 20.000, 30.000, "/m/01hsr_,/m/04rlf,/m/068hy,/m/09x0r,/m/0bt9lr,/m/0jbk"
4M8zlTuy_yA, 140.000, 150.000, "/m/0395lw,/m/04rlf,/t/dd00126"
4Md3kFWiZrU, 10.000, 20.000, "/m/01hsr_"
4NQwssIImu0, 0.000, 10.000, "/m/01hsr_"
4OcdWziDQdU, 220.000, 230.000, "/m/0395lw,/m/03w41f"
4PENE1VFU2U, 230.000, 240.000, "/m/0395lw"
4PLtKW3ugLo, 30.000, 40.000, "/m/05tny_,/m/068hy,/m/0bt9lr,/m/0jbk"
4QEON5KWC1o, 40.000, 50.000, "/m/05tny_,/m/07rc7d9,/m/09x0r,/m/0bt9lr,/t/dd00129"
4QnbN5DkDe8, 90.000, 100.000, "/m/05tny_,/m/068hy,/m/0bt9lr,/m/0jbk,/t/dd00136"
4RhARbjonAQ, 0.000, 10.000, "/m/05tny_,/m/068hy,/m/0bt9lr,/m/0jbk"
4RyrQPAWUcE, 60.000, 70.000, "/m/05tny_,/m/07rc7d9,/m/0bt9lr,/m/0jbk"
4U1pmldKL38, 30.000, 40.000, "/m/0395lw"
4V3YOLF7haI, 80.000, 90.000, "/m/0395lw,/m/04rlf"
4V5BVqRUJH8, 20.000, 30.000, "/m/05tny_,/m/068hy,/m/0bt9lr,/m/0jbk"
4VmXaHwx6kM, 380.000, 390.000, "/m/0395lw,/m/04rlf,/m/09x0r"
4VyGk4fKukU, 170.000, 180.000, "/m/0395lw,/m/04rlf,/t/dd00126"
4WNA6vzyzgg, 30.000, 40.000, "/m/0395lw"
4Y020IJSf5M, 30.000, 40.000, "/m/05tny_,/m/068hy,/m/07rc7d9,/m/09x0r,/m/0bt9lr"
4apzsYf8yv8, 30.000, 40.000, "/m/05tny_,/m/09x0r"
4bJNjW0inrc, 550.000, 560.000, "/m/0395lw"
4c0uLxgFiVc, 420.000, 430.000, "/m/0395lw,/m/03w41f"
4c1p0nIf4D4, 30.000, 40.000, "/m/0ngt1"
4c572JueQkU, 40.000, 50.000, "/m/05tny_,/m/068hy,/m/09x0r,/m/0bt9lr,/m/0jbk"
4cq7ZfB-moA, 0.000, 10.000, "/m/01hsr_,/m/04rlf"
4dDQq_dDp0k, 30.000, 40.000, "/m/05tny_,/m/068hy,/m/09x0r,/m/0bt9lr,/m/0jbk"
4dbhc3pklcQ, 120.000, 130.000, "/m/05tny_,/m/07rc7d9,/m/0bt9lr,/m/0jbk"
4dmBaDl584M, 0.000, 10.000, "/m/05tny_,/m/068hy,/m/0bt9lr,/m/0jbk,/t/dd00129"
4g2fK2yBupg, 470.000, 480.000, "/m/0ngt1"
4gyda6wcww0, 30.000, 40.000, "/m/05tny_,/m/068hy,/m/0bt9lr,/m/0jbk"
4h7gIc7N21o, 160.000, 170.000, "/m/0395lw,/m/04rlf,/m/04szw,/t/dd00126"
4h_PCLPoqXE, 0.000, 5.000, "/m/05tny_,/m/068hy,/m/0bt9lr,/m/0jbk"
4iKtgaKZoSo, 30.000, 40.000, "/m/0395lw,/m/04rlf"
4izwBJEV0qA, 40.000, 50.000, "/m/05tny_,/m/068hy,/m/09x0r,/m/0bt9lr,/m/0jbk"
4jRSJjV-afY, 50.000, 60.000, "/m/01hsr_,/m/05zppz,/m/09x0r"
4jW7xTLOjtc, 43.000, 53.000, "/m/05tny_,/m/0bt9lr,/m/0jbk"
4k0ip2lwSj0, 0.000, 10.000, "/m/0395lw"
4n85zCLaWAM, 190.000, 200.000, "/m/0395lw"
4nVnNB8op10, 80.000, 90.000, "/m/05tny_,/m/068hy,/m/0bt9lr,/m/0jbk"
4nwxBdD8f70, 180.000, 190.000, "/m/0395lw,/m/04rlf"
4o5D-SGxwMs, 80.000, 90.000, "/m/05tny_,/m/068hy,/m/09x0r,/m/0bt9lr,/m/0jbk"
4pGvBK7Z9t8, 240.000, 250.000, "/m/05tny_,/m/068hy,/m/07rc7d9,/m/09x0r,/m/0bt9lr,/m/0jbk"
4q20E4Ta64k, 0.000, 4.000, "/m/0395lw,/m/0gy1t2s"
4qYFfG3og0M, 10.000, 20.000, "/m/05tny_,/m/068hy,/m/07rc7d9,/m/0bt9lr,/m/0jbk"
4sTQvJtsuSg, 50.000, 60.000, "/m/05tny_,/m/068hy,/m/0bt9lr,/m/0jbk"
4tmHOZoVa3o, 10.000, 20.000, "/m/0395lw"
4wOt1H8z850, 150.000, 160.000, "/m/0395lw"
4wZeyhCMXO0, 0.000, 10.000, "/m/05tny_,/m/068hy,/m/0jbk"
4wcuDrpl3v0, 10.000, 20.000, "/m/01hsr_"
4xW7mL-QIQw, 80.000, 90.000, "/m/05tny_,/m/068hy,/m/09x0r,/m/0bt9lr,/m/0jbk"
4yqIXHBF3Cg, 0.000, 10.000, "/m/05tny_,/m/068hy,/m/0bt9lr,/m/0jbk"
4yqPuhAKZ7U, 0.000, 10.000, "/m/0395lw,/m/09x0r"
4zoJQKnyJDw, 0.000, 10.000, "/m/05tny_,/m/068hy,/m/0bt9lr,/m/0jbk"
5-7yDR3x1-o, 20.000, 30.000, "/m/05tny_,/m/068hy,/m/09x0r,/m/0bt9lr,/m/0jbk"
500u4GyxBdA, 340.000, 350.000, "/m/0395lw,/m/09x0r"
50KWrXgZJQk, 570.000, 580.000, "/m/01hsr_"
51NfcA7gYzs, 20.000, 30.000, "/m/0395lw"
51Yv3scxAaI, 0.000, 10.000, "/m/05tny_,/m/068hy,/m/09x0r,/m/0bt9lr,/m/0jbk"
51Yy5NxfZTc, 40.000, 50.000, "/m/0395lw,/m/03w41f"
55NFpupN4FM, 60.000, 70.000, "/m/05tny_,/m/068hy,/m/07rc7d9,/m/09x0r,/m/0bt9lr,/m/0jbk,/t/dd00125"
56XhsjvhfYs, 20.000, 30.000, "/m/0ngt1"
56fOJ4kJuQE, 80.000, 90.000, "/m/01hsr_"
57-on-lKpIw, 90.000, 100.000, "/m/05tny_,/m/07rc7d9,/m/09x0r,/t/dd00125"
572bcLiaQA0, 80.000, 90.000, "/m/01hsr_"
58cjZr_I8PE, 260.000, 270.000, "/m/01hsr_,/m/09x0r"
591zWq481_s, 30.000, 40.000, "/m/0395lw"
5C2Ogf7efdU, 460.000, 470.000, "/m/05tny_,/m/09x0r,/m/0bt9lr"
5C3RXLlakJw, 230.000, 240.000, "/m/0ngt1"
5Crx1Slx8u0, 110.000, 120.000, "/m/0395lw,/m/04rlf,/t/dd00126"
5Dmz-OpGMHo, 70.000, 80.000, "/m/0395lw"
5EZLVb4zDG4, 30.000, 40.000, "/m/05tny_,/m/0bt9lr,/m/0jbk"
5EdkHpBwLDk, 0.000, 10.000, "/m/0395lw,/m/09x0r"
5F9Gd2JNcw8, 0.000, 10.000, "/m/05tny_,/m/068hy,/m/09x0r,/m/0bt9lr,/m/0jbk"
5FGeo3lAS1I, 100.000, 110.000, "/m/05tny_,/m/068hy,/m/0bt9lr,/m/0jbk"
5FWrHBVU740, 10.000, 20.000, "/m/01hsr_,/m/09x0r"
5H4sD4YIo1g, 40.000, 50.000, "/m/05tny_,/m/068hy,/m/0bt9lr,/m/0jbk"
5H8dSeMhjgk, 200.000, 210.000, "/m/05tny_,/m/068hy,/m/07rc7d9,/m/09x0r,/m/0bt9lr,/m/0jbk"
5IbwFiabqpA, 320.000, 330.000, "/m/0395lw,/m/09x0r"
5KQRk3vhmjc, 150.000, 160.000, "/m/0395lw"
5Md822gR9LM, 30.000, 40.000, "/m/0395lw,/m/04rlf,/m/09x0r"
5OEvBmTRsEE, 10.000, 20.000, "/m/05tny_,/m/068hy,/m/07qf0zm,/m/07rc7d9,/m/0bt9lr,/m/0jbk"
5OK03-ZQ8iE, 20.000, 30.000, "/m/0395lw"
5OkY9OCgdMo, 170.000, 180.000, "/m/0395lw,/m/03w41f"
5QBD2P6yCo8, 210.000, 220.000, "/m/01hsr_,/m/09x0r"
5RpXe4bKehs, 20.000, 30.000, "/m/05tny_,/m/068hy,/m/07rc7d9,/m/0bt9lr,/m/0jbk,/t/dd00136"
5SHqSzM75u8, 50.000, 60.000, "/m/01hsr_,/m/09x0r"
5T6asFC8WDI, 30.000, 40.000, "/m/05tny_,/m/07r_k2n,/m/07rc7d9,/m/09x0r,/m/0jbk"
5UAwQRotU9Q, 350.000, 360.000, "/m/0395lw,/m/03w41f"
5UgWJRbtpkk, 340.000, 350.000, "/m/0395lw"
5VdUyBklQl0, 340.000, 350.000, "/m/0395lw"
5W3PLMuufXg, 180.000, 190.000, "/m/0395lw,/m/09x0r"
5W9GL1Twdes, 0.000, 10.000, "/m/0395lw"
5WWlYhZ3hTg, 6.000, 16.000, "/m/0395lw"
5_DzTpw9Kec, 0.000, 10.000, "/m/01hsr_,/m/068hy,/m/0bt9lr,/m/0jbk"
5_QwGlp2VoQ, 10.000, 20.000, "/m/0395lw,/m/07qjznt"
5_gpHxLuI-4, 10.000, 20.000, "/m/0395lw,/m/04rlf"
5abeJ7Z-yes, 30.000, 40.000, "/m/0395lw,/m/09x0r,/t/dd00125"
5cwcLfQC81Q, 0.000, 10.000, "/m/0395lw,/m/04rlf"
5dMFS6CKRmQ, 390.000, 400.000, "/m/0395lw"
5eho-E5V1VA, 260.000, 270.000, "/m/0395lw,/m/09x0r"
5fE-mL6Mi-c, 170.000, 180.000, "/m/01hsr_,/m/01j3sz,/m/07s04w4,/m/09x0r"
5hGZVNAzZ1U, 300.000, 310.000, "/m/0395lw,/m/03w41f"
5hQxZ6HKM7Y, 40.000, 50.000, "/m/0395lw"
5hpEprZn8Nc, 130.000, 140.000, "/m/0395lw,/m/03w41f"
5j1mxeahBRQ, 210.000, 220.000, "/m/01hsr_,/m/09x0r,/m/0ytgt"
5kldH6pXFSw, 0.000, 10.000, "/m/01hsr_"
5mBCF05DV5s, 280.000, 290.000, "/m/0395lw,/m/03w41f,/m/09x0r"
5miYwEKNrsQ, 50.000, 60.000, "/m/01hsr_"
5nWghrG3WTI, 410.000, 420.000, "/m/0395lw"
5nx9xUVXASM, 220.000, 230.000, "/m/01hsr_,/m/07mzm6"
5qBeYE97wnQ, 50.000, 60.000, "/m/0395lw"
5rwD09sv5xI, 180.000, 190.000, "/m/0395lw,/m/04rlf,/m/04szw"
5sc1bi8BSmg, 20.000, 30.000, "/m/01hsr_"
5sppEjj4C40, 10.000, 20.000, "/m/01hsr_"
5wjlhoRC6cs, 360.000, 370.000, "/m/0395lw,/m/04rlf"
5wqEgmIAmCw, 510.000, 520.000, "/m/0395lw"
5wx88VrmPs0, 0.000, 10.000, "/m/01hsr_"
5y19Rh6Y7-I, 30.000, 40.000, "/m/0395lw"
5zI3BKP6h14, 10.000, 20.000, "/m/0395lw"
5zY_4mScers, 10.000, 20.000, "/m/01hsr_"
6-Gpr_J5u1c, 320.000, 330.000, "/m/0395lw"
6-bdk96TIbU, 30.000, 40.000, "/m/0395lw,/m/04rlf"
60mF60m5m1s, 220.000, 230.000, "/m/0395lw"
6246QqG0zws, 140.000, 150.000, "/m/0395lw"
62O6MLZZLb8, 10.000, 20.000, "/m/0395lw"
62X8h0wi2ps, 390.000, 400.000, "/m/0395lw,/m/03w41f"
63TAX8y1ZoY, 40.000, 50.000, "/m/0395lw,/m/04rlf,/t/dd00126"
63ZQCCR8OaY, 110.000, 120.000, "/m/0395lw"
64euTTHlvNk, 30.000, 40.000, "/m/0395lw"
65xlcIjAGX0, 21.000, 31.000, "/m/0395lw,/m/03w41f"
67qTV1MDXhc, 100.000, 110.000, "/m/0395lw"
68NBE04Mlws, 140.000, 150.000, "/m/01hsr_,/m/068hy,/m/09x0r,/m/0bt9lr"
6AMsLkMRNGY, 190.000, 200.000, "/m/01hsr_"
6BAi7fOUg7g, 20.000, 30.000, "/m/0ngt1"
6BLvwP405EU, 110.000, 120.000, "/m/0395lw,/m/04rlf"
6BxKh1O0Vqs, 540.000, 550.000, "/m/0395lw"
6DauJExNYNk, 20.000, 30.000, "/m/01hsr_"
6Fk03dz7LOo, 120.000, 130.000, "/m/01hsr_"
6FthVAI5BrA, 60.000, 70.000, "/m/0395lw,/m/09x0r"
6I06VL045gU, 60.000, 70.000, "/m/01hsr_"
6KgujA8mSkk, 70.000, 80.000, "/m/01hsr_"
6LPdD6Z5Dk8, 0.000, 6.000, "/m/01hsr_,/m/09x0r"
6MfLQf7E8iE, 0.000, 2.000, "/m/01hsr_"
6NV9px4VYrE, 20.000, 30.000, "/m/01hsr_,/m/05zppz,/m/09x0r"
6Rp0ZSkNq_E, 0.000, 9.000, "/m/0ngt1"
6WdJCpbQ9Rk, 110.000, 120.000, "/m/01hsr_"
6YK6AtVssKo, 200.000, 210.000, "/m/0395lw,/m/04rlf"
6Z7IOl3vBqc, 40.000, 50.000, "/m/01hsr_,/m/01yrx,/m/068hy,/m/09x0r,/m/0jbk"
6Zqa1LdShxA, 20.000, 30.000, "/m/0395lw,/m/04rlf"
6_MCgtO1ggE, 9.000, 19.000, "/m/01hsr_,/m/04rlf"
6a1LqvximTk, 40.000, 50.000, "/m/0395lw,/m/09x0r"
6aFdM7wJOM4, 0.000, 10.000, "/m/0395lw,/m/03w41f"
6aykKJD_qAI, 40.000, 50.000, "/m/01hsr_,/m/01j3sz,/m/04rlf"
6gLYUqCk2eM, 40.000, 50.000, "/m/01hsr_,/m/01j3sz,/m/09x0r"
6hhbY1JoG44, 220.000, 230.000, "/m/0395lw,/m/03w41f"
6jrJRXXSwC4, 40.000, 50.000, "/m/0395lw,/m/03w41f"
6qj-aQ_yzVE, 90.000, 100.000, "/m/01hsr_,/m/09x0r,/m/0lyf6"
6sv9mRjayKg, 90.000, 100.000, "/m/0395lw"
6xcgbMYelUU, 20.000, 30.000, "/m/01hsr_,/m/09x0r"
6yYCjyan-VY, 20.000, 30.000, "/m/01hsr_,/m/09x0r"
71iqvjyGDTs, 10.000, 20.000, "/m/01hsr_,/m/09x0r"
74jX7BGQtd0, 100.000, 110.000, "/m/0395lw"
7A0Z0q-45L4, 70.000, 80.000, "/m/01hsr_"
7D7xgd4WJ50, 0.000, 4.000, "/m/0395lw"
7DbsH87BZHs, 0.000, 10.000, "/m/0395lw,/m/03w41f,/m/09x0r"
7HyPWtYCrug, 80.000, 90.000, "/m/01hsr_"
7ItmKJHfdZY, 40.000, 50.000, "/m/0395lw"
7K2vzvM34gY, 60.000, 70.000, "/m/01hsr_"
7KEEGNsQ9wg, 10.000, 20.000, "/m/0395lw"
7MEHqYnJx_A, 220.000, 230.000, "/m/0395lw"
7MozkaLRTn8, 30.000, 40.000, "/m/01hsr_,/m/02_nn,/m/068hy,/m/07r81j2,/m/0jbk"
7OLthSFHsVs, 80.000, 90.000, "/m/0395lw"
7OlwkmlIACY, 30.000, 40.000, "/m/0395lw,/m/04rlf,/m/09x0r"
7Owh2jd_WG4, 310.000, 320.000, "/m/0395lw,/m/04rlf,/t/dd00126"
7W3cwaYDvJ0, 530.000, 540.000, "/m/0ngt1"
7Y93xBpK1oI, 100.000, 110.000, "/m/01hsr_"
7dg6z8Bm-nk, 500.000, 510.000, "/m/01hsr_,/m/09x0r"
7goRFxRaMzk, 0.000, 10.000, "/m/01hsr_,/m/0jbk"
7rJOGAhj9fs, 30.000, 40.000, "/m/0ngt1"
7rsOYTYjzjg, 60.000, 70.000, "/m/01hsr_"
7u0RPg9BmJ8, 60.000, 70.000, "/m/01hsr_,/m/07rgt08,/m/09x0r"
8-dFMZU3bKo, 220.000, 230.000, "/m/01hsr_"
81xIktu7Nm8, 20.000, 30.000, "/m/01hsr_,/m/068hy,/m/07qf0zm,/m/0bt9lr,/m/0jbk"
83QS8hYEnio, 20.000, 30.000, "/m/01hsr_"
84PbU_VUaq4, 0.000, 10.000, "/m/01hsr_,/m/068hy,/m/09x0r,/m/0bt9lr"
86XtLYXaAEQ, 10.000, 20.000, "/m/0ngt1"
8714J5_siEY, 50.000, 60.000, "/m/01hsr_"
8AebNaEdZFw, 140.000, 150.000, "/m/0ngt1"
8BMW3d-PQb0, 0.000, 10.000, "/m/01hsr_,/m/09x0r"
8Cpu6HuZppw, 50.000, 60.000, "/m/01hsr_"
8ENp5gAVuYk, 0.000, 10.000, "/m/01hsr_"
8Jan3sj1xs4, 120.000, 130.000, "/m/01hsr_,/m/02zsn,/m/09x0r"
8Qd-4VM9Ox0, 50.000, 60.000, "/m/01hsr_,/m/09x0r"
8SRWgKxebS0, 100.000, 110.000, "/m/01hsr_,/m/09x0r"
8UcjWvcJlS8, 0.000, 10.000, "/m/01hsr_"
8X9Ri7QNYNE, 570.000, 580.000, "/m/01hsr_,/m/09x0r,/t/dd00129"
8YYeGsOzwQ0, 30.000, 40.000, "/m/01hsr_,/m/07rgt08,/m/07s04w4,/m/09x0r"
8_kOB8sHvoU, 260.000, 270.000, "/m/0ngt1"
8jLpaD13gdU, 10.000, 20.000, "/m/0ngt1"
8qi5ToEayMo, 10.000, 20.000, "/m/01hsr_"
8y7boHClSQg, 80.000, 90.000, "/m/0ngt1"
94tUB0BvKhM, 50.000, 60.000, "/m/01hsr_,/m/04rlf"
95leyynr56A, 320.000, 330.000, "/m/01hsr_"
99g83CSiXeA, 560.000, 570.000, "/m/01hsr_"
9B-MJsv5cO4, 0.000, 10.000, "/m/01hsr_,/m/068hy,/m/09x0r,/m/0bt9lr,/m/0jbk"
9F-X6htGhfc, 10.000, 20.000, "/m/0ngt1"
9FQbcnHQI6Y, 70.000, 80.000, "/m/01hsr_,/m/04rlf"
9Iiajf6_Ews, 0.000, 10.000, "/m/0ngt1"
9LGucgLZqNc, 0.000, 7.000, "/m/01hsr_,/m/09x0r"
9M9mky9qb-8, 0.000, 5.000, "/m/01hsr_"
9NDns7JDb4Y, 130.000, 140.000, "/m/01hsr_,/m/09x0r"
9NZad4HzHCo, 90.000, 100.000, "/m/01hsr_,/m/068hy,/m/0bt9lr,/m/0jbk"
9Nkax3NgEIA, 30.000, 40.000, "/m/0ngt1"
9Sc6odMfWo0, 0.000, 10.000, "/m/01hsr_"
9Sn8mlDZ0zs, 17.000, 27.000, "/m/0ngt1"
9SwqisZFZr8, 30.000, 40.000, "/m/01hsr_,/m/09x0r,/m/0ytgt"
9TaetitttZ8, 0.000, 10.000, "/m/01hsr_"
9Zl88j-rpNo, 150.000, 160.000, "/m/01hsr_"
9cXmbZUlN7Q, 60.000, 70.000, "/m/0ngt1"
9iP5bI2cFCI, 80.000, 90.000, "/m/0ngt1"
9jXSdGMjnN8, 100.000, 110.000, "/m/01hsr_"
9nP-ZI20uCE, 300.000, 310.000, "/m/01hsr_,/m/09x0r"
9w-Q-JqF0q4, 0.000, 10.000, "/m/01hsr_"
9yEvhxXkStw, 350.000, 360.000, "/m/0ngt1"
9z2OwpftxUE, 10.000, 20.000, "/m/0ngt1"
9zNC2TiBZAI, 100.000, 110.000, "/m/01hsr_"
9zW0p-YlMhQ, 360.000, 370.000, "/m/0ngt1"
9zeHw1pBZoM, 10.000, 20.000, "/m/01hsr_,/m/09x0r,/m/0ytgt"
A09CTUwEzeI, 0.000, 7.000, "/m/01hsr_,/m/02zsn"
A2vKagPEW-Y, 30.000, 40.000, "/m/0ngt1"
A5LNrdkqYlw, 170.000, 180.000, "/m/01hsr_,/m/09x0r"
AEk8h7GJIlw, 30.000, 40.000, "/m/0ngt1"
AFVzauLzK_Q, 300.000, 310.000, "/m/0ngt1"
AIQIoqCpsGk, 70.000, 80.000, "/m/0ngt1"
AVGeME_aZC8, 0.000, 10.000, "/m/0ngt1"
AX8sjzLrDbQ, 30.000, 40.000, "/m/0ngt1"
AfFV5JQp-gY, 0.000, 10.000, "/m/0ngt1"
BJWGx-bGiAw, 30.000, 40.000, "/m/0ngt1"
BOMAzVa5QRk, 30.000, 40.000, "/m/0ngt1"
Bxiq5-EU7jg, 90.000, 100.000, "/m/0ngt1"
CK1YnqP1Y1I, 30.000, 40.000, "/m/0ngt1"
CnJ_1nTaRUw, 30.000, 40.000, "/m/0ngt1"
DFSc0ao-Mus, 90.000, 100.000, "/m/0ngt1"
DLn9-Txfv0I, 0.000, 10.000, "/m/0ngt1"
D_biij7yzu0, 10.000, 20.000, "/m/0ngt1"
EIP_Aenuvzs, 30.000, 40.000, "/m/0ngt1"
ER36IuyTtkU, 10.000, 20.000, "/m/0ngt1"
Ep72tyiL3as, 1.000, 11.000, "/m/0ngt1"
EqRkP1ssfgI, 30.000, 40.000, "/m/0ngt1"
FHZR8n7RwlQ, 470.000, 480.000, "/m/0ngt1"
FMbQfgDiRIE, 12.000, 22.000, "/m/0ngt1"
FOid23PpHKQ, 70.000, 80.000, "/m/0ngt1"
FsXFzc3sUzg, 220.000, 230.000, "/m/0ngt1"
G1MAx4Fly9o, 40.000, 50.000, "/m/0ngt1"
GVM9h4rai8c, 30.000, 40.000, "/m/0ngt1"
Gcp1yM7U_PY, 30.000, 40.000, "/m/0ngt1"
HiS6tru5Qx4, 275.000, 285.000, "/m/0ngt1"
HpWgE39uRzE, 180.000, 190.000, "/m/0ngt1"
HwNf32mK-7Q, 560.000, 570.000, "/m/0ngt1"
IG8i8HPMYas, 350.000, 360.000, "/m/0ngt1"
IiRmdmKmVKw, 130.000, 140.000, "/m/0ngt1"
IvaCDtsSsk8, 100.000, 110.000, "/m/0ngt1"
J7VguzpwxIo, 30.000, 40.000, "/m/0ngt1"
JScG7T9bgTw, 30.000, 40.000, "/m/0ngt1"
Jgn464-gsas, 0.000, 10.000, "/m/0ngt1"
Jo8il_Kg_j8, 50.000, 60.000, "/m/0ngt1"
KIGoEea7yBg, 100.000, 110.000, "/m/0ngt1"
KOHnEEAYj3w, 30.000, 40.000, "/m/0ngt1"
KVwYxmRyUlY, 120.000, 130.000, "/m/0ngt1"
KYWzG_qy96A, 40.000, 50.000, "/m/0ngt1"
KivU5_ghnTM, 0.000, 10.000, "/m/0ngt1"
Kl2Sgw2JS60, 0.000, 10.000, "/m/0ngt1"
KnxeBg4csq8, 340.000, 350.000, "/m/0ngt1"
L2FmuuVkFB4, 70.000, 80.000, "/m/0ngt1"
L3-tMkMmI6w, 440.000, 450.000, "/m/0ngt1"
LPJRV1TNdPo, 220.000, 230.000, "/m/0ngt1"
Lkdwn3J8rVg, 0.000, 10.000, "/m/0ngt1"
M9dap2ftAzo, 30.000, 40.000, "/m/0ngt1"
MNnogKQYh78, 270.000, 280.000, "/m/0ngt1"
MpjOWJM8U80, 3.000, 13.000, "/m/0ngt1"
NPblvsVKDag, 100.000, 110.000, "/m/0ngt1"
NWZK4Mm3aNc, 0.000, 10.000, "/m/0ngt1"
Nd8DpA1GDLw, 10.000, 20.000, "/m/0ngt1"
Nl_p2JVFcOY, 22.000, 32.000, "/m/0ngt1"
ORYr9VtIvx0, 0.000, 10.000, "/m/0ngt1"
PCTjgOwbjpQ, 30.000, 40.000, "/m/0ngt1"
Pb6MqpdX5Jw, 40.000, 50.000, "/m/0ngt1"
Pge0T-z0c0o, 30.000, 40.000, "/m/0ngt1"
RGvOgNnPztM, 180.000, 190.000, "/m/0ngt1"
RO97OyDBlUw, 0.000, 8.000, "/m/0ngt1"
RS4f4OMeD2c, 0.000, 10.000, "/m/0ngt1"
RdvCPXFuzK8, 30.000, 40.000, "/m/0ngt1"
RhxmVbLSyo0, 0.000, 4.000, "/m/0ngt1"
Rvuv1C7d_Ho, 410.000, 420.000, "/m/0ngt1"
RwC9xpVZOPc, 300.000, 310.000, "/m/0ngt1"
S-T1EZMVmmY, 0.000, 10.000, "/m/0ngt1"
T0BJCPrQ2SM, 30.000, 40.000, "/m/0ngt1"
ThUAAmLjUKM, 20.000, 30.000, "/m/0ngt1"
TqdpNEvc-Ac, 170.000, 180.000, "/m/0ngt1"
Ts--N0L-pjc, 380.000, 390.000, "/m/0ngt1"
TvcrUVam-r4, 21.000, 31.000, "/m/0ngt1"
UDCaKyBlnq8, 30.000, 40.000, "/m/0ngt1"
UKNBNoUt5u4, 30.000, 40.000, "/m/0ngt1"
UN9rbweY82g, 360.000, 370.000, "/m/0ngt1"
USyMUdRHBLs, 100.000, 110.000, "/m/0ngt1"
UZVAFNNMOcU, 40.000, 50.000, "/m/0ngt1"
Vx44QGMkps8, 30.000, 40.000, "/m/0ngt1"
WISGJ7xOgp0, 0.000, 10.000, "/m/0ngt1"
X4qWcLQCD0c, 10.000, 20.000, "/m/0ngt1"
XCyk1KgcW24, 20.000, 30.000, "/m/0ngt1"
XQxg6QO-vH8, 90.000, 100.000, "/m/0ngt1"
XYVFE0D1MQU, 40.000, 50.000, "/m/0ngt1"
Xd_OgKUCBqQ, 30.000, 40.000, "/m/0ngt1"
Y6KMDFxlbq0, 60.000, 70.000, "/m/0ngt1"
YAnH03ZX6FM, 110.000, 120.000, "/m/0ngt1"
YDVCCkdd_3c, 20.000, 30.000, "/m/0ngt1"
YJ-8PL5uRpo, 10.000, 20.000, "/m/0ngt1"
YQFpiWXRLYg, 0.000, 10.000, "/m/0ngt1"
ZEs7BjcMrqE, 0.000, 10.000, "/m/0ngt1"
ZR9BiRf_gDM, 10.000, 20.000, "/m/0ngt1"
ZT7MDJhWfso, 30.000, 40.000, "/m/0ngt1"
ZcSQGgrM9Jc, 220.000, 230.000, "/m/0ngt1"
Zjan3KPG3vk, 4.000, 14.000, "/m/0ngt1"
Zp2rhg4nhfc, 30.000, 40.000, "/m/0ngt1"
ZpAnQVxdkfU, 280.000, 290.000, "/m/0ngt1"
__LerxtZ9ac, 0.000, 9.000, "/m/0ngt1"
_eDPUZxfC1A, 120.000, 130.000, "/m/0ngt1"
_iUX8CibElk, 120.000, 130.000, "/m/0ngt1"
aR7L8sAXfdE, 160.000, 170.000, "/m/0ngt1"
abnYLIZkDu4, 10.000, 20.000, "/m/0ngt1"
bBfEkxp_5z4, 60.000, 70.000, "/m/0ngt1"
bOr6hmaua6I, 10.000, 20.000, "/m/0ngt1"
bfJlzjH7xVA, 80.000, 90.000, "/m/0ngt1"
brQDesFFdgc, 30.000, 40.000, "/m/0ngt1"
cJtfZL7OaQQ, 20.000, 30.000, "/m/0ngt1"
dJEI4INaVWY, 0.000, 10.000, "/m/0ngt1"
dQq1sYiOfTg, 80.000, 90.000, "/m/0ngt1"
dxow2DcTrwk, 70.000, 80.000, "/m/0ngt1"
eAf6fGQqVbk, 40.000, 50.000, "/m/0ngt1"
euNSTuW7uEk, 30.000, 40.000, "/m/0ngt1"
fmoCr_etzGc, 270.000, 280.000, "/m/0ngt1"
fuMhc2-gV88, 10.000, 20.000, "/m/0ngt1"
fwCi21ZYUIk, 20.000, 30.000, "/m/0ngt1"
g2X7IbEaMZY, 0.000, 10.000, "/m/0ngt1"
goldfxDWuf0, 0.000, 10.000, "/m/0ngt1"
gpgbZb3zYtM, 290.000, 300.000, "/m/0ngt1"
h1Vnw2uB_A0, 220.000, 230.000, "/m/0ngt1"
h4PCmd_N8TE, 0.000, 10.000, "/m/0ngt1"
h6GEP-5u1xI, 30.000, 40.000, "/m/0ngt1"
hQL13rxPGMw, 120.000, 130.000, "/m/0ngt1"
hT2LqJqqCsA, 30.000, 40.000, "/m/0ngt1"
hXJvRUN6Z3M, 130.000, 140.000, "/m/0ngt1"
h_AaexPNN8Y, 370.000, 380.000, "/m/0ngt1"
hb7GsxV6O-o, 80.000, 90.000, "/m/0ngt1"
heG3lM0CdgM, 60.000, 70.000, "/m/0ngt1"
hzC1Td7irHQ, 0.000, 10.000, "/m/0ngt1"
iqvnkbjWWlw, 270.000, 280.000, "/m/0ngt1"
j1tKpfWDHaY, 0.000, 10.000, "/m/0ngt1"
jnsizpdA47w, 0.000, 10.000, "/m/0ngt1"
kJdgwTG7pJA, 240.000, 250.000, "/m/0ngt1"
l8LhCaz61hY, 80.000, 90.000, "/m/0ngt1"
lKwEVaShQ0A, 10.000, 20.000, "/m/0ngt1"
lOgG07m1Bfg, 30.000, 40.000, "/m/0ngt1"
lyUgEGx7dBs, 30.000, 40.000, "/m/0ngt1"
m1yNB4Z_dAA, 30.000, 40.000, "/m/0ngt1"
m8sM-xftClA, 60.000, 70.000, "/m/0ngt1"
mMtz47BMe70, 250.000, 260.000, "/m/0ngt1"
mZlwr-oh1UQ, 0.000, 10.000, "/m/0ngt1"
maE-fPEJ00Y, 20.000, 30.000, "/m/0ngt1"
mmaLrCFTxCs, 360.000, 370.000, "/m/0ngt1"
nKW_1nWbaQs, 30.000, 40.000, "/m/0ngt1"
nQdI4TtSItA, 20.000, 30.000, "/m/0ngt1"
nXjxnr6zR-Q, 0.000, 10.000, "/m/0ngt1"
nYUZrZEVOVY, 0.000, 5.000, "/m/0ngt1"
nz1KzgVVw6M, 310.000, 320.000, "/m/0ngt1"
p9ZFjG-vCIQ, 130.000, 140.000, "/m/0ngt1"
pSd4DVlZ8zU, 0.000, 10.000, "/m/0ngt1"
pYN1STf8Y6c, 10.000, 20.000, "/m/0ngt1"
pelJQVAezqc, 180.000, 190.000, "/m/0ngt1"
qxXZCDEcU94, 180.000, 190.000, "/m/0ngt1"
qy2RYmn7CYE, 40.000, 50.000, "/m/0ngt1"
r7k-lg6vrvc, 50.000, 60.000, "/m/0ngt1"
rOfF_ymgdHg, 70.000, 80.000, "/m/0ngt1"
rvDcg9DoNKA, 380.000, 390.000, "/m/0ngt1"
tDcoCfrXoO0, 100.000, 110.000, "/m/0ngt1"
tDvYY9WxLOk, 30.000, 40.000, "/m/0ngt1"
tgjvP3nOK9o, 240.000, 250.000, "/m/0ngt1"
u0u5X2vKBOk, 20.000, 30.000, "/m/0ngt1"
uFEjkMGuIr0, 20.000, 30.000, "/m/0ngt1"
uFlulEU-Yf4, 370.000, 380.000, "/m/0ngt1"
uoP8GoweWBI, 30.000, 40.000, "/m/0ngt1"
